win,lose
キメツの刃,ヒロアカ
キメツの刃,呪術回線
呪術回線,ヒロアカ
キメツの刃,呪術回線
キメツの刃,呪術回線
ヒロアカ,呪術回線
キメツの刃,ヒロアカ
呪術回線,ヒロアカ
キメツの刃,ヒロアカ
呪術回線,ヒロアカ
キメツの刃,呪術回線
キメツの刃,ヒロアカ
キメツの刃,ヒロアカ
キメツの刃,呪術回線
キメツの刃,呪術回線
呪術回線,キメツの刃
キメツの刃,呪術回線
ヒロアカ,キメツの刃
呪術回線,キメツの刃
キメツの刃,呪術回線
キメツの刃,呪術回線
キメツの刃,呪術回線
キメツの刃,ヒロアカ
キメツの刃,ヒロアカ
呪術回線,ヒロアカ
キメツの刃,呪術回線
キメツの刃,呪術回線
キメツの刃,呪術回線
キメツの刃,ヒロアカ
キメツの刃,呪術回線
キメツの刃,呪術回線
キメツの刃,呪術回線
キメツの刃,呪術回線
キメツの刃,ヒロアカ
キメツの刃,呪術回線
キメツの刃,呪術回線
キメツの刃,呪術回線
キメツの刃,呪術回線
呪術回線,キメツの刃
キメツの刃,呪術回線
キメツの刃,ヒロアカ
呪術回線,ヒロアカ
キメツの刃,呪術回線
呪術回線,キメツの刃
呪術回線,ヒロアカ
キメツの刃,呪術回線
キメツの刃,呪術回線
キメツの刃,呪術回線
キメツの刃,ヒロアカ
呪術回線,キメツの刃
ヒロアカ,キメツの刃
キメツの刃,呪術回線
呪術回線,キメツの刃
ヒロアカ,呪術回線
ヒロアカ,呪術回線
呪術回線,キメツの刃
ヒロアカ,呪術回線
呪術回線,キメツの刃
キメツの刃,呪術回線
呪術回線,ヒロアカ
キメツの刃,呪術回線
キメツの刃,呪術回線
ヒロアカ,キメツの刃
キメツの刃,呪術回線
キメツの刃,ヒロアカ
キメツの刃,呪術回線
キメツの刃,呪術回線
ヒロアカ,呪術回線
キメツの刃,呪術回線
キメツの刃,ヒロアカ
呪術回線,キメツの刃
キメツの刃,呪術回線
キメツの刃,ヒロアカ
キメツの刃,ヒロアカ
キメツの刃,ヒロアカ
キメツの刃,呪術回線
呪術回線,ヒロアカ
呪術回線,キメツの刃
キメツの刃,呪術回線
呪術回線,ヒロアカ
呪術回線,キメツの刃
キメツの刃,呪術回線
呪術回線,キメツの刃
キメツの刃,呪術回線
ヒロアカ,呪術回線
キメツの刃,ヒロアカ
キメツの刃,ヒロアカ
キメツの刃,ヒロアカ
キメツの刃,呪術回線
キメツの刃,呪術回線
呪術回線,キメツの刃
キメツの刃,呪術回線
キメツの刃,ヒロアカ
キメツの刃,ヒロアカ
ヒロアカ,呪術回線
キメツの刃,呪術回線
キメツの刃,呪術回線
キメツの刃,ヒロアカ
呪術回線,ヒロアカ
キメツの刃,ヒロアカ
キメツの刃,呪術回線
呪術回線,ヒロアカ
キメツの刃,ヒロアカ
キメツの刃,呪術回線
キメツの刃,呪術回線
ヒロアカ,呪術回線
キメツの刃,呪術回線
キメツの刃,呪術回線
キメツの刃,呪術回線
キメツの刃,呪術回線
キメツの刃,呪術回線
キメツの刃,呪術回線
キメツの刃,呪術回線
キメツの刃,呪術回線
呪術回線,キメツの刃
キメツの刃,ヒロアカ
キメツの刃,ヒロアカ
キメツの刃,呪術回線
呪術回線,ヒロアカ
キメツの刃,ヒロアカ
ヒロアカ,キメツの刃
ヒロアカ,呪術回線
キメツの刃,呪術回線
キメツの刃,呪術回線
キメツの刃,呪術回線
キメツの刃,呪術回線
キメツの刃,ヒロアカ
キメツの刃,呪術回線
キメツの刃,ヒロアカ
キメツの刃,ヒロアカ
キメツの刃,呪術回線
キメツの刃,ヒロアカ
呪術回線,ヒロアカ
キメツの刃,呪術回線
呪術回線,ヒロアカ
ヒロアカ,キメツの刃
キメツの刃,呪術回線
キメツの刃,ヒロアカ
キメツの刃,ヒロアカ
呪術回線,キメツの刃
キメツの刃,ヒロアカ
キメツの刃,ヒロアカ
キメツの刃,ヒロアカ
ヒロアカ,呪術回線
ヒロアカ,呪術回線
キメツの刃,呪術回線
キメツの刃,呪術回線
呪術回線,ヒロアカ
キメツの刃,呪術回線
キメツの刃,呪術回線
キメツの刃,ヒロアカ
キメツの刃,呪術回線
呪術回線,ヒロアカ
キメツの刃,呪術回線
キメツの刃,呪術回線
呪術回線,ヒロアカ
呪術回線,ヒロアカ
呪術回線,ヒロアカ
キメツの刃,呪術回線
呪術回線,キメツの刃
キメツの刃,ヒロアカ
キメツの刃,ヒロアカ
呪術回線,キメツの刃
キメツの刃,呪術回線
キメツの刃,ヒロアカ
キメツの刃,呪術回線
キメツの刃,呪術回線
キメツの刃,呪術回線
キメツの刃,ヒロアカ
キメツの刃,ヒロアカ
キメツの刃,ヒロアカ
キメツの刃,呪術回線
キメツの刃,呪術回線
キメツの刃,ヒロアカ
キメツの刃,呪術回線
キメツの刃,呪術回線
呪術回線,ヒロアカ
呪術回線,キメツの刃
呪術回線,ヒロアカ
呪術回線,ヒロアカ
キメツの刃,呪術回線
キメツの刃,呪術回線
キメツの刃,ヒロアカ
呪術回線,キメツの刃
呪術回線,キメツの刃
ヒロアカ,呪術回線
キメツの刃,ヒロアカ
キメツの刃,呪術回線
キメツの刃,呪術回線
ヒロアカ,呪術回線
キメツの刃,ヒロアカ
キメツの刃,呪術回線
呪術回線,ヒロアカ
ヒロアカ,呪術回線
呪術回線,ヒロアカ
キメツの刃,ヒロアカ
キメツの刃,ヒロアカ
キメツの刃,呪術回線
キメツの刃,呪術回線
呪術回線,ヒロアカ
キメツの刃,呪術回線
キメツの刃,呪術回線
キメツの刃,呪術回線
キメツの刃,呪術回線
キメツの刃,ヒロアカ
ヒロアカ,呪術回線
キメツの刃,呪術回線
呪術回線,ヒロアカ
キメツの刃,呪術回線
呪術回線,ヒロアカ
呪術回線,ヒロアカ
呪術回線,キメツの刃
キメツの刃,呪術回線
キメツの刃,ヒロアカ
キメツの刃,ヒロアカ
キメツの刃,呪術回線
呪術回線,ヒロアカ
キメツの刃,呪術回線
キメツの刃,ヒロアカ
呪術回線,ヒロアカ
呪術回線,ヒロアカ
キメツの刃,呪術回線
呪術回線,ヒロアカ
キメツの刃,呪術回線
キメツの刃,ヒロアカ
キメツの刃,呪術回線
キメツの刃,ヒロアカ
キメツの刃,呪術回線
呪術回線,キメツの刃
キメツの刃,呪術回線
キメツの刃,呪術回線
ヒロアカ,呪術回線
ヒロアカ,キメツの刃
キメツの刃,呪術回線
キメツの刃,呪術回線
キメツの刃,ヒロアカ
キメツの刃,ヒロアカ
呪術回線,キメツの刃
キメツの刃,ヒロアカ
ヒロアカ,キメツの刃
キメツの刃,呪術回線
呪術回線,ヒロアカ
ヒロアカ,呪術回線
キメツの刃,呪術回線
キメツの刃,呪術回線
キメツの刃,呪術回線
キメツの刃,呪術回線
呪術回線,キメツの刃
呪術回線,ヒロアカ
キメツの刃,ヒロアカ
呪術回線,ヒロアカ
キメツの刃,ヒロアカ
キメツの刃,呪術回線
呪術回線,キメツの刃
キメツの刃,呪術回線
呪術回線,ヒロアカ
キメツの刃,ヒロアカ
キメツの刃,ヒロアカ
ヒロアカ,呪術回線
ヒロアカ,呪術回線
呪術回線,ヒロアカ
キメツの刃,呪術回線
キメツの刃,ヒロアカ
キメツの刃,呪術回線
ヒロアカ,呪術回線
キメツの刃,ヒロアカ
キメツの刃,呪術回線
キメツの刃,ヒロアカ
キメツの刃,ヒロアカ
呪術回線,ヒロアカ
ヒロアカ,キメツの刃
呪術回線,キメツの刃
キメツの刃,ヒロアカ
キメツの刃,呪術回線
呪術回線,ヒロアカ
キメツの刃,呪術回線
キメツの刃,呪術回線
ヒロアカ,呪術回線
キメツの刃,呪術回線
キメツの刃,呪術回線
キメツの刃,ヒロアカ
キメツの刃,呪術回線
呪術回線,ヒロアカ
キメツの刃,ヒロアカ
キメツの刃,ヒロアカ
キメツの刃,呪術回線
キメツの刃,ヒロアカ
キメツの刃,呪術回線
キメツの刃,呪術回線
キメツの刃,呪術回線
キメツの刃,呪術回線
キメツの刃,呪術回線
キメツの刃,ヒロアカ
キメツの刃,呪術回線
キメツの刃,ヒロアカ
キメツの刃,ヒロアカ
呪術回線,ヒロアカ
キメツの刃,ヒロアカ
呪術回線,キメツの刃
キメツの刃,呪術回線
キメツの刃,呪術回線
キメツの刃,ヒロアカ
キメツの刃,呪術回線
呪術回線,ヒロアカ
キメツの刃,ヒロアカ
キメツの刃,ヒロアカ
キメツの刃,呪術回線
キメツの刃,呪術回線
キメツの刃,ヒロアカ
ヒロアカ,呪術回線
呪術回線,キメツの刃
キメツの刃,呪術回線
キメツの刃,呪術回線
キメツの刃,呪術回線
呪術回線,キメツの刃
キメツの刃,ヒロアカ
キメツの刃,呪術回線
キメツの刃,呪術回線
ヒロアカ,呪術回線
キメツの刃,ヒロアカ
呪術回線,ヒロアカ
キメツの刃,呪術回線
ヒロアカ,呪術回線
キメツの刃,ヒロアカ
キメツの刃,呪術回線
呪術回線,キメツの刃
キメツの刃,呪術回線
キメツの刃,呪術回線
キメツの刃,ヒロアカ
呪術回線,キメツの刃
キメツの刃,呪術回線
呪術回線,ヒロアカ
キメツの刃,ヒロアカ
キメツの刃,呪術回線
キメツの刃,呪術回線
呪術回線,ヒロアカ
キメツの刃,呪術回線
キメツの刃,呪術回線
キメツの刃,ヒロアカ
キメツの刃,呪術回線
キメツの刃,呪術回線
呪術回線,ヒロアカ
呪術回線,キメツの刃
キメツの刃,ヒロアカ
キメツの刃,呪術回線
キメツの刃,ヒロアカ
ヒロアカ,呪術回線
キメツの刃,呪術回線
呪術回線,ヒロアカ
キメツの刃,呪術回線
呪術回線,ヒロアカ
キメツの刃,ヒロアカ
キメツの刃,ヒロアカ
キメツの刃,呪術回線
キメツの刃,ヒロアカ
ヒロアカ,呪術回線
呪術回線,キメツの刃
キメツの刃,ヒロアカ
キメツの刃,ヒロアカ
キメツの刃,ヒロアカ
呪術回線,ヒロアカ
キメツの刃,呪術回線
ヒロアカ,キメツの刃
呪術回線,ヒロアカ
呪術回線,ヒロアカ
キメツの刃,呪術回線
キメツの刃,呪術回線
呪術回線,ヒロアカ
キメツの刃,呪術回線
キメツの刃,ヒロアカ
キメツの刃,呪術回線
キメツの刃,呪術回線
キメツの刃,ヒロアカ
キメツの刃,呪術回線
キメツの刃,ヒロアカ
呪術回線,キメツの刃
呪術回線,ヒロアカ
キメツの刃,ヒロアカ
キメツの刃,ヒロアカ
キメツの刃,呪術回線
キメツの刃,ヒロアカ
呪術回線,ヒロアカ
呪術回線,ヒロアカ
キメツの刃,呪術回線
キメツの刃,呪術回線
キメツの刃,呪術回線
キメツの刃,呪術回線
キメツの刃,呪術回線
キメツの刃,呪術回線
キメツの刃,ヒロアカ
キメツの刃,呪術回線
呪術回線,キメツの刃
キメツの刃,呪術回線
呪術回線,キメツの刃
呪術回線,ヒロアカ
呪術回線,キメツの刃
呪術回線,ヒロアカ
ヒロアカ,キメツの刃
キメツの刃,ヒロアカ
キメツの刃,呪術回線
キメツの刃,ヒロアカ
キメツの刃,呪術回線
キメツの刃,ヒロアカ
ヒロアカ,キメツの刃
呪術回線,ヒロアカ
キメツの刃,ヒロアカ
キメツの刃,呪術回線
キメツの刃,呪術回線
呪術回線,ヒロアカ
キメツの刃,呪術回線
キメツの刃,ヒロアカ
キメツの刃,呪術回線
キメツの刃,呪術回線
キメツの刃,ヒロアカ
ヒロアカ,呪術回線
キメツの刃,呪術回線
呪術回線,ヒロアカ
キメツの刃,呪術回線
キメツの刃,呪術回線
呪術回線,キメツの刃
キメツの刃,呪術回線
キメツの刃,呪術回線
キメツの刃,呪術回線
呪術回線,キメツの刃
キメツの刃,ヒロアカ
キメツの刃,呪術回線
キメツの刃,呪術回線
キメツの刃,呪術回線
呪術回線,ヒロアカ
キメツの刃,ヒロアカ
キメツの刃,呪術回線
ヒロアカ,キメツの刃
呪術回線,ヒロアカ
ヒロアカ,呪術回線
呪術回線,キメツの刃
ヒロアカ,キメツの刃
キメツの刃,呪術回線
キメツの刃,呪術回線
ヒロアカ,呪術回線
呪術回線,ヒロアカ
キメツの刃,呪術回線
キメツの刃,呪術回線
キメツの刃,呪術回線
キメツの刃,ヒロアカ
キメツの刃,ヒロアカ
キメツの刃,呪術回線
キメツの刃,呪術回線
呪術回線,ヒロアカ
キメツの刃,呪術回線
キメツの刃,呪術回線
キメツの刃,呪術回線
キメツの刃,呪術回線
キメツの刃,呪術回線
キメツの刃,呪術回線
キメツの刃,呪術回線
キメツの刃,呪術回線
呪術回線,ヒロアカ
キメツの刃,呪術回線
キメツの刃,ヒロアカ
キメツの刃,ヒロアカ
キメツの刃,呪術回線
ヒロアカ,呪術回線
キメツの刃,呪術回線
キメツの刃,呪術回線
キメツの刃,呪術回線
呪術回線,キメツの刃
呪術回線,キメツの刃
キメツの刃,呪術回線
ヒロアカ,呪術回線
キメツの刃,ヒロアカ
キメツの刃,呪術回線
キメツの刃,ヒロアカ
キメツの刃,呪術回線
キメツの刃,ヒロアカ
呪術回線,キメツの刃
キメツの刃,ヒロアカ
キメツの刃,呪術回線
キメツの刃,呪術回線
キメツの刃,ヒロアカ
呪術回線,ヒロアカ
呪術回線,キメツの刃
キメツの刃,ヒロアカ
呪術回線,キメツの刃
キメツの刃,呪術回線
キメツの刃,ヒロアカ
キメツの刃,ヒロアカ
キメツの刃,ヒロアカ
ヒロアカ,呪術回線
キメツの刃,ヒロアカ
キメツの刃,呪術回線
キメツの刃,呪術回線
キメツの刃,ヒロアカ
キメツの刃,呪術回線
呪術回線,ヒロアカ
キメツの刃,呪術回線
キメツの刃,呪術回線
キメツの刃,呪術回線
キメツの刃,ヒロアカ
キメツの刃,ヒロアカ
キメツの刃,呪術回線
キメツの刃,呪術回線
キメツの刃,ヒロアカ
呪術回線,ヒロアカ
キメツの刃,呪術回線
キメツの刃,ヒロアカ
キメツの刃,呪術回線
キメツの刃,ヒロアカ
キメツの刃,呪術回線
キメツの刃,呪術回線
呪術回線,ヒロアカ
キメツの刃,呪術回線
キメツの刃,ヒロアカ
キメツの刃,ヒロアカ
キメツの刃,呪術回線
呪術回線,キメツの刃
キメツの刃,呪術回線
呪術回線,ヒロアカ
キメツの刃,呪術回線
ヒロアカ,呪術回線
呪術回線,ヒロアカ
呪術回線,ヒロアカ
キメツの刃,呪術回線
キメツの刃,呪術回線
キメツの刃,呪術回線
ヒロアカ,呪術回線
キメツの刃,ヒロアカ
呪術回線,ヒロアカ
キメツの刃,呪術回線
キメツの刃,呪術回線
キメツの刃,呪術回線
キメツの刃,呪術回線
キメツの刃,呪術回線
キメツの刃,ヒロアカ
呪術回線,ヒロアカ
キメツの刃,ヒロアカ
キメツの刃,呪術回線
ヒロアカ,呪術回線
ヒロアカ,呪術回線
キメツの刃,呪術回線
キメツの刃,呪術回線
呪術回線,ヒロアカ
呪術回線,ヒロアカ
キメツの刃,呪術回線
キメツの刃,呪術回線
呪術回線,ヒロアカ
キメツの刃,呪術回線
キメツの刃,呪術回線
キメツの刃,ヒロアカ
キメツの刃,ヒロアカ
キメツの刃,呪術回線
キメツの刃,ヒロアカ
キメツの刃,呪術回線
キメツの刃,呪術回線
キメツの刃,呪術回線
キメツの刃,ヒロアカ
キメツの刃,ヒロアカ
キメツの刃,ヒロアカ
キメツの刃,ヒロアカ
呪術回線,ヒロアカ
呪術回線,ヒロアカ
キメツの刃,ヒロアカ
キメツの刃,ヒロアカ
呪術回線,ヒロアカ
ヒロアカ,キメツの刃
キメツの刃,呪術回線
呪術回線,キメツの刃
キメツの刃,ヒロアカ
呪術回線,ヒロアカ
キメツの刃,呪術回線
呪術回線,ヒロアカ
キメツの刃,ヒロアカ
キメツの刃,呪術回線
キメツの刃,ヒロアカ
キメツの刃,呪術回線
キメツの刃,呪術回線
キメツの刃,ヒロアカ
キメツの刃,呪術回線
キメツの刃,呪術回線
キメツの刃,ヒロアカ
呪術回線,ヒロアカ
キメツの刃,ヒロアカ
呪術回線,キメツの刃
キメツの刃,ヒロアカ
ヒロアカ,呪術回線
キメツの刃,呪術回線
キメツの刃,ヒロアカ
ヒロアカ,呪術回線
キメツの刃,呪術回線
呪術回線,キメツの刃
キメツの刃,呪術回線
キメツの刃,呪術回線
キメツの刃,呪術回線
キメツの刃,ヒロアカ
ヒロアカ,呪術回線
キメツの刃,呪術回線
呪術回線,ヒロアカ
呪術回線,キメツの刃
キメツの刃,呪術回線
キメツの刃,呪術回線
呪術回線,ヒロアカ
キメツの刃,ヒロアカ
ヒロアカ,呪術回線
キメツの刃,呪術回線
キメツの刃,呪術回線
呪術回線,ヒロアカ
キメツの刃,ヒロアカ
ヒロアカ,キメツの刃
キメツの刃,呪術回線
キメツの刃,呪術回線
キメツの刃,呪術回線
キメツの刃,ヒロアカ
キメツの刃,呪術回線
ヒロアカ,呪術回線
呪術回線,キメツの刃
呪術回線,ヒロアカ
キメツの刃,呪術回線
呪術回線,ヒロアカ
キメツの刃,ヒロアカ
キメツの刃,ヒロアカ
キメツの刃,呪術回線
呪術回線,ヒロアカ
キメツの刃,呪術回線
キメツの刃,呪術回線
キメツの刃,ヒロアカ
ヒロアカ,呪術回線
呪術回線,ヒロアカ
キメツの刃,呪術回線
キメツの刃,ヒロアカ
キメツの刃,呪術回線
キメツの刃,呪術回線
キメツの刃,ヒロアカ
キメツの刃,ヒロアカ
キメツの刃,呪術回線
キメツの刃,ヒロアカ
キメツの刃,呪術回線
キメツの刃,呪術回線
キメツの刃,呪術回線
キメツの刃,呪術回線
ヒロアカ,呪術回線
キメツの刃,ヒロアカ
キメツの刃,呪術回線
呪術回線,ヒロアカ
キメツの刃,ヒロアカ
キメツの刃,ヒロアカ
キメツの刃,呪術回線
キメツの刃,呪術回線
呪術回線,ヒロアカ
呪術回線,キメツの刃
キメツの刃,ヒロアカ
キメツの刃,呪術回線
キメツの刃,呪術回線
ヒロアカ,呪術回線
呪術回線,ヒロアカ
呪術回線,ヒロアカ
ヒロアカ,呪術回線
キメツの刃,ヒロアカ
キメツの刃,呪術回線
キメツの刃,呪術回線
呪術回線,キメツの刃
キメツの刃,ヒロアカ
キメツの刃,呪術回線
キメツの刃,ヒロアカ
呪術回線,キメツの刃
呪術回線,ヒロアカ
キメツの刃,呪術回線
キメツの刃,ヒロアカ
呪術回線,キメツの刃
キメツの刃,呪術回線
ヒロアカ,呪術回線
キメツの刃,ヒロアカ
キメツの刃,呪術回線
キメツの刃,ヒロアカ
ヒロアカ,キメツの刃
キメツの刃,呪術回線
呪術回線,ヒロアカ
キメツの刃,ヒロアカ
キメツの刃,呪術回線
ヒロアカ,キメツの刃
呪術回線,ヒロアカ
キメツの刃,呪術回線
キメツの刃,ヒロアカ
キメツの刃,ヒロアカ
ヒロアカ,呪術回線
キメツの刃,ヒロアカ
キメツの刃,ヒロアカ
呪術回線,キメツの刃
呪術回線,ヒロアカ
キメツの刃,呪術回線
呪術回線,キメツの刃
呪術回線,ヒロアカ
呪術回線,キメツの刃
呪術回線,ヒロアカ
呪術回線,キメツの刃
キメツの刃,ヒロアカ
キメツの刃,呪術回線
キメツの刃,呪術回線
ヒロアカ,呪術回線
キメツの刃,呪術回線
ヒロアカ,キメツの刃
キメツの刃,呪術回線
ヒロアカ,呪術回線
キメツの刃,ヒロアカ
キメツの刃,ヒロアカ
呪術回線,キメツの刃
キメツの刃,ヒロアカ
キメツの刃,ヒロアカ
キメツの刃,呪術回線
キメツの刃,呪術回線
呪術回線,キメツの刃
呪術回線,ヒロアカ
呪術回線,キメツの刃
ヒロアカ,呪術回線
呪術回線,ヒロアカ
キメツの刃,ヒロアカ
キメツの刃,呪術回線
キメツの刃,ヒロアカ
呪術回線,キメツの刃
キメツの刃,ヒロアカ
ヒロアカ,呪術回線
ヒロアカ,呪術回線
キメツの刃,呪術回線
キメツの刃,呪術回線
呪術回線,ヒロアカ
呪術回線,キメツの刃
呪術回線,ヒロアカ
キメツの刃,ヒロアカ
呪術回線,キメツの刃
キメツの刃,呪術回線
キメツの刃,呪術回線
呪術回線,ヒロアカ
呪術回線,キメツの刃
キメツの刃,ヒロアカ
キメツの刃,ヒロアカ
呪術回線,キメツの刃
キメツの刃,呪術回線
キメツの刃,ヒロアカ
ヒロアカ,キメツの刃
呪術回線,ヒロアカ
キメツの刃,呪術回線
キメツの刃,呪術回線
キメツの刃,ヒロアカ
キメツの刃,呪術回線
キメツの刃,呪術回線
キメツの刃,呪術回線
呪術回線,ヒロアカ
キメツの刃,呪術回線
キメツの刃,ヒロアカ
ヒロアカ,呪術回線
呪術回線,ヒロアカ
キメツの刃,ヒロアカ
キメツの刃,ヒロアカ
呪術回線,ヒロアカ
ヒロアカ,キメツの刃
キメツの刃,呪術回線
キメツの刃,ヒロアカ
キメツの刃,ヒロアカ
キメツの刃,呪術回線
ヒロアカ,呪術回線
キメツの刃,ヒロアカ
呪術回線,ヒロアカ
呪術回線,ヒロアカ
キメツの刃,呪術回線
ヒロアカ,キメツの刃
キメツの刃,呪術回線
呪術回線,キメツの刃
キメツの刃,呪術回線
キメツの刃,呪術回線
キメツの刃,呪術回線
呪術回線,ヒロアカ
キメツの刃,呪術回線
キメツの刃,呪術回線
呪術回線,キメツの刃
キメツの刃,呪術回線
呪術回線,キメツの刃
キメツの刃,ヒロアカ
キメツの刃,呪術回線
キメツの刃,ヒロアカ
キメツの刃,呪術回線
ヒロアカ,呪術回線
キメツの刃,呪術回線
呪術回線,キメツの刃
呪術回線,ヒロアカ
キメツの刃,呪術回線
キメツの刃,呪術回線
キメツの刃,呪術回線
キメツの刃,ヒロアカ
キメツの刃,ヒロアカ
キメツの刃,呪術回線
キメツの刃,呪術回線
キメツの刃,呪術回線
ヒロアカ,呪術回線
キメツの刃,ヒロアカ
キメツの刃,ヒロアカ
キメツの刃,呪術回線
キメツの刃,呪術回線
キメツの刃,呪術回線
キメツの刃,呪術回線
キメツの刃,ヒロアカ
ヒロアカ,呪術回線
キメツの刃,ヒロアカ
キメツの刃,ヒロアカ
呪術回線,ヒロアカ
呪術回線,キメツの刃
キメツの刃,呪術回線
呪術回線,ヒロアカ
キメツの刃,ヒロアカ
キメツの刃,ヒロアカ
キメツの刃,ヒロアカ
呪術回線,ヒロアカ
ヒロアカ,呪術回線
呪術回線,ヒロアカ
キメツの刃,ヒロアカ
キメツの刃,ヒロアカ
キメツの刃,呪術回線
呪術回線,ヒロアカ
キメツの刃,呪術回線
キメツの刃,ヒロアカ
キメツの刃,呪術回線
ヒロアカ,呪術回線
キメツの刃,ヒロアカ
キメツの刃,呪術回線
キメツの刃,ヒロアカ
キメツの刃,呪術回線
キメツの刃,呪術回線
キメツの刃,呪術回線
呪術回線,ヒロアカ
キメツの刃,呪術回線
呪術回線,ヒロアカ
呪術回線,キメツの刃
呪術回線,ヒロアカ
キメツの刃,ヒロアカ
ヒロアカ,呪術回線
キメツの刃,呪術回線
ヒロアカ,キメツの刃
キメツの刃,呪術回線
キメツの刃,ヒロアカ
キメツの刃,ヒロアカ
キメツの刃,ヒロアカ
呪術回線,ヒロアカ
キメツの刃,呪術回線
キメツの刃,呪術回線
呪術回線,ヒロアカ
キメツの刃,ヒロアカ
キメツの刃,ヒロアカ
キメツの刃,呪術回線
キメツの刃,ヒロアカ
キメツの刃,ヒロアカ
キメツの刃,呪術回線
キメツの刃,呪術回線
キメツの刃,呪術回線
キメツの刃,呪術回線
キメツの刃,呪術回線
呪術回線,キメツの刃
ヒロアカ,キメツの刃
キメツの刃,ヒロアカ
ヒロアカ,呪術回線
キメツの刃,ヒロアカ
キメツの刃,呪術回線
呪術回線,ヒロアカ
ヒロアカ,呪術回線
ヒロアカ,キメツの刃
キメツの刃,呪術回線
呪術回線,キメツの刃
呪術回線,ヒロアカ
呪術回線,ヒロアカ
呪術回線,ヒロアカ
呪術回線,キメツの刃
キメツの刃,ヒロアカ
キメツの刃,呪術回線
キメツの刃,呪術回線
キメツの刃,呪術回線
ヒロアカ,呪術回線
呪術回線,ヒロアカ
キメツの刃,呪術回線
キメツの刃,呪術回線
キメツの刃,ヒロアカ
キメツの刃,ヒロアカ
キメツの刃,呪術回線
キメツの刃,呪術回線
キメツの刃,ヒロアカ
キメツの刃,ヒロアカ
呪術回線,キメツの刃
呪術回線,キメツの刃
キメツの刃,ヒロアカ
キメツの刃,呪術回線
呪術回線,ヒロアカ
キメツの刃,呪術回線
ヒロアカ,呪術回線
呪術回線,ヒロアカ
キメツの刃,ヒロアカ
キメツの刃,ヒロアカ
呪術回線,ヒロアカ
キメツの刃,ヒロアカ
キメツの刃,ヒロアカ
キメツの刃,呪術回線
キメツの刃,呪術回線
ヒロアカ,呪術回線
キメツの刃,ヒロアカ
キメツの刃,ヒロアカ
キメツの刃,呪術回線
キメツの刃,呪術回線
キメツの刃,呪術回線
キメツの刃,ヒロアカ
キメツの刃,呪術回線
キメツの刃,呪術回線
キメツの刃,呪術回線
キメツの刃,ヒロアカ
キメツの刃,ヒロアカ
呪術回線,ヒロアカ
呪術回線,キメツの刃
呪術回線,ヒロアカ
呪術回線,キメツの刃
ヒロアカ,キメツの刃
キメツの刃,呪術回線
キメツの刃,呪術回線
キメツの刃,呪術回線
キメツの刃,呪術回線
キメツの刃,呪術回線
キメツの刃,ヒロアカ
ヒロアカ,キメツの刃
キメツの刃,呪術回線
キメツの刃,ヒロアカ
キメツの刃,呪術回線
キメツの刃,呪術回線
ヒロアカ,呪術回線
キメツの刃,ヒロアカ
キメツの刃,ヒロアカ
ヒロアカ,呪術回線
キメツの刃,呪術回線
呪術回線,ヒロアカ
呪術回線,ヒロアカ
キメツの刃,呪術回線
呪術回線,ヒロアカ
キメツの刃,呪術回線
キメツの刃,呪術回線
キメツの刃,呪術回線
キメツの刃,呪術回線
呪術回線,キメツの刃
キメツの刃,ヒロアカ
呪術回線,ヒロアカ
呪術回線,ヒロアカ
キメツの刃,呪術回線
キメツの刃,ヒロアカ
キメツの刃,呪術回線
呪術回線,キメツの刃
キメツの刃,ヒロアカ
ヒロアカ,キメツの刃
呪術回線,キメツの刃
呪術回線,キメツの刃
キメツの刃,呪術回線
キメツの刃,ヒロアカ
キメツの刃,呪術回線
キメツの刃,呪術回線
キメツの刃,呪術回線
キメツの刃,ヒロアカ
キメツの刃,呪術回線
キメツの刃,呪術回線
キメツの刃,呪術回線
呪術回線,キメツの刃
ヒロアカ,キメツの刃
キメツの刃,ヒロアカ
ヒロアカ,呪術回線
キメツの刃,呪術回線
キメツの刃,ヒロアカ
呪術回線,ヒロアカ
呪術回線,ヒロアカ
キメツの刃,呪術回線
キメツの刃,ヒロアカ
キメツの刃,呪術回線
キメツの刃,ヒロアカ
キメツの刃,呪術回線
ヒロアカ,呪術回線
キメツの刃,ヒロアカ
呪術回線,キメツの刃
キメツの刃,呪術回線
キメツの刃,呪術回線
キメツの刃,ヒロアカ
呪術回線,キメツの刃
キメツの刃,ヒロアカ
キメツの刃,ヒロアカ
呪術回線,ヒロアカ
キメツの刃,呪術回線
キメツの刃,呪術回線
キメツの刃,ヒロアカ
呪術回線,キメツの刃
ヒロアカ,キメツの刃
キメツの刃,呪術回線
呪術回線,キメツの刃
キメツの刃,呪術回線
キメツの刃,ヒロアカ
キメツの刃,呪術回線
呪術回線,ヒロアカ
呪術回線,ヒロアカ
ヒロアカ,呪術回線
ヒロアカ,呪術回線
ヒロアカ,呪術回線
キメツの刃,呪術回線
呪術回線,キメツの刃
呪術回線,キメツの刃
呪術回線,キメツの刃
キメツの刃,ヒロアカ
キメツの刃,ヒロアカ
キメツの刃,呪術回線
キメツの刃,呪術回線
キメツの刃,ヒロアカ
キメツの刃,ヒロアカ
キメツの刃,呪術回線
キメツの刃,呪術回線
キメツの刃,ヒロアカ
呪術回線,ヒロアカ
呪術回線,ヒロアカ
キメツの刃,呪術回線
キメツの刃,呪術回線
呪術回線,キメツの刃
キメツの刃,呪術回線
呪術回線,ヒロアカ
キメツの刃,呪術回線
呪術回線,キメツの刃
呪術回線,キメツの刃
呪術回線,ヒロアカ
キメツの刃,呪術回線
キメツの刃,ヒロアカ
呪術回線,ヒロアカ
キメツの刃,ヒロアカ
キメツの刃,呪術回線
キメツの刃,ヒロアカ
呪術回線,ヒロアカ
キメツの刃,呪術回線
キメツの刃,呪術回線
キメツの刃,呪術回線
キメツの刃,ヒロアカ
呪術回線,ヒロアカ
キメツの刃,呪術回線
キメツの刃,呪術回線
キメツの刃,ヒロアカ
キメツの刃,ヒロアカ
キメツの刃,呪術回線
ヒロアカ,呪術回線
呪術回線,ヒロアカ
キメツの刃,呪術回線
呪術回線,ヒロアカ
呪術回線,ヒロアカ
キメツの刃,呪術回線
キメツの刃,ヒロアカ
キメツの刃,呪術回線
キメツの刃,ヒロアカ
キメツの刃,ヒロアカ
キメツの刃,呪術回線
キメツの刃,呪術回線
キメツの刃,ヒロアカ
ヒロアカ,呪術回線
キメツの刃,呪術回線
呪術回線,ヒロアカ
キメツの刃,ヒロアカ
キメツの刃,呪術回線
呪術回線,キメツの刃
キメツの刃,呪術回線
キメツの刃,呪術回線
呪術回線,ヒロアカ
キメツの刃,呪術回線
キメツの刃,呪術回線
キメツの刃,呪術回線
キメツの刃,呪術回線
呪術回線,ヒロアカ
キメツの刃,呪術回線
キメツの刃,呪術回線
ヒロアカ,呪術回線
キメツの刃,呪術回線
キメツの刃,ヒロアカ
呪術回線,ヒロアカ
呪術回線,ヒロアカ
キメツの刃,呪術回線
キメツの刃,呪術回線
キメツの刃,呪術回線
キメツの刃,呪術回線
呪術回線,キメツの刃
キメツの刃,呪術回線
キメツの刃,呪術回線
呪術回線,ヒロアカ
キメツの刃,呪術回線
キメツの刃,ヒロアカ
呪術回線,ヒロアカ
キメツの刃,呪術回線
キメツの刃,呪術回線
キメツの刃,呪術回線
ヒロアカ,呪術回線
キメツの刃,ヒロアカ
キメツの刃,呪術回線
キメツの刃,ヒロアカ
キメツの刃,呪術回線
キメツの刃,呪術回線
キメツの刃,ヒロアカ
キメツの刃,呪術回線
ヒロアカ,キメツの刃
キメツの刃,呪術回線
キメツの刃,呪術回線
キメツの刃,ヒロアカ
キメツの刃,呪術回線
キメツの刃,ヒロアカ
キメツの刃,呪術回線
キメツの刃,呪術回線
キメツの刃,呪術回線
キメツの刃,呪術回線
キメツの刃,呪術回線
キメツの刃,呪術回線
キメツの刃,ヒロアカ
ヒロアカ,キメツの刃
呪術回線,ヒロアカ
キメツの刃,呪術回線
キメツの刃,呪術回線
キメツの刃,ヒロアカ
呪術回線,キメツの刃
呪術回線,ヒロアカ
キメツの刃,ヒロアカ
呪術回線,キメツの刃
キメツの刃,ヒロアカ
キメツの刃,ヒロアカ
呪術回線,ヒロアカ
呪術回線,ヒロアカ
キメツの刃,ヒロアカ
キメツの刃,呪術回線
キメツの刃,呪術回線
キメツの刃,ヒロアカ
呪術回線,キメツの刃
キメツの刃,呪術回線
キメツの刃,ヒロアカ
キメツの刃,ヒロアカ
キメツの刃,ヒロアカ
キメツの刃,ヒロアカ
呪術回線,キメツの刃
キメツの刃,ヒロアカ
キメツの刃,ヒロアカ
キメツの刃,ヒロアカ
キメツの刃,呪術回線
呪術回線,キメツの刃
キメツの刃,呪術回線
呪術回線,キメツの刃
キメツの刃,ヒロアカ
呪術回線,キメツの刃
キメツの刃,ヒロアカ
呪術回線,ヒロアカ
キメツの刃,呪術回線
呪術回線,ヒロアカ
呪術回線,ヒロアカ
呪術回線,キメツの刃
キメツの刃,呪術回線
キメツの刃,呪術回線
キメツの刃,ヒロアカ
キメツの刃,ヒロアカ
キメツの刃,ヒロアカ
キメツの刃,呪術回線
キメツの刃,ヒロアカ
キメツの刃,呪術回線
キメツの刃,呪術回線
キメツの刃,呪術回線
キメツの刃,ヒロアカ
キメツの刃,ヒロアカ
キメツの刃,呪術回線
呪術回線,キメツの刃
キメツの刃,ヒロアカ
キメツの刃,ヒロアカ
キメツの刃,呪術回線
キメツの刃,ヒロアカ
キメツの刃,呪術回線
キメツの刃,ヒロアカ
キメツの刃,呪術回線
キメツの刃,呪術回線
呪術回線,ヒロアカ
キメツの刃,呪術回線
キメツの刃,呪術回線
キメツの刃,呪術回線
ヒロアカ,キメツの刃
キメツの刃,ヒロアカ
キメツの刃,呪術回線
キメツの刃,呪術回線
キメツの刃,呪術回線
キメツの刃,呪術回線
キメツの刃,呪術回線
キメツの刃,ヒロアカ
呪術回線,キメツの刃
キメツの刃,呪術回線
キメツの刃,呪術回線
呪術回線,ヒロアカ
キメツの刃,呪術回線
キメツの刃,呪術回線
キメツの刃,呪術回線
呪術回線,キメツの刃
キメツの刃,呪術回線
キメツの刃,呪術回線
ヒロアカ,呪術回線
呪術回線,ヒロアカ
キメツの刃,呪術回線
キメツの刃,ヒロアカ
キメツの刃,呪術回線
呪術回線,ヒロアカ
キメツの刃,呪術回線
呪術回線,キメツの刃
キメツの刃,呪術回線
キメツの刃,呪術回線
キメツの刃,ヒロアカ
キメツの刃,呪術回線
キメツの刃,呪術回線
キメツの刃,ヒロアカ
キメツの刃,ヒロアカ
ヒロアカ,呪術回線
呪術回線,ヒロアカ
キメツの刃,呪術回線
キメツの刃,呪術回線
キメツの刃,呪術回線
キメツの刃,呪術回線
キメツの刃,ヒロアカ
キメツの刃,ヒロアカ
呪術回線,キメツの刃
キメツの刃,ヒロアカ
呪術回線,キメツの刃
ヒロアカ,呪術回線
キメツの刃,呪術回線
キメツの刃,呪術回線
キメツの刃,ヒロアカ
ヒロアカ,呪術回線
キメツの刃,ヒロアカ
キメツの刃,呪術回線
キメツの刃,呪術回線
キメツの刃,ヒロアカ
ヒロアカ,呪術回線
キメツの刃,呪術回線
キメツの刃,呪術回線
呪術回線,ヒロアカ
キメツの刃,呪術回線
呪術回線,キメツの刃
ヒロアカ,キメツの刃
ヒロアカ,呪術回線
キメツの刃,ヒロアカ
呪術回線,ヒロアカ
キメツの刃,呪術回線
キメツの刃,呪術回線
呪術回線,ヒロアカ
呪術回線,キメツの刃
キメツの刃,呪術回線
キメツの刃,ヒロアカ
キメツの刃,呪術回線
キメツの刃,呪術回線
ヒロアカ,呪術回線
呪術回線,キメツの刃
キメツの刃,呪術回線
キメツの刃,呪術回線
ヒロアカ,キメツの刃
キメツの刃,呪術回線
キメツの刃,呪術回線
キメツの刃,ヒロアカ
キメツの刃,呪術回線
キメツの刃,呪術回線
ヒロアカ,キメツの刃
キメツの刃,呪術回線
キメツの刃,ヒロアカ
呪術回線,ヒロアカ
キメツの刃,呪術回線
キメツの刃,呪術回線
ヒロアカ,呪術回線
呪術回線,キメツの刃
キメツの刃,呪術回線
キメツの刃,呪術回線
呪術回線,ヒロアカ
呪術回線,ヒロアカ
キメツの刃,呪術回線
キメツの刃,呪術回線
呪術回線,キメツの刃
キメツの刃,呪術回線
呪術回線,ヒロアカ
キメツの刃,呪術回線
キメツの刃,呪術回線
キメツの刃,呪術回線
キメツの刃,呪術回線
呪術回線,キメツの刃
キメツの刃,ヒロアカ
キメツの刃,ヒロアカ
キメツの刃,呪術回線
呪術回線,ヒロアカ
キメツの刃,呪術回線
呪術回線,ヒロアカ
呪術回線,ヒロアカ
呪術回線,ヒロアカ
キメツの刃,呪術回線
キメツの刃,ヒロアカ
キメツの刃,呪術回線
キメツの刃,呪術回線
キメツの刃,呪術回線
キメツの刃,呪術回線
キメツの刃,ヒロアカ
キメツの刃,呪術回線
呪術回線,ヒロアカ
キメツの刃,呪術回線
呪術回線,ヒロアカ
呪術回線,キメツの刃
キメツの刃,呪術回線
キメツの刃,ヒロアカ
キメツの刃,ヒロアカ
キメツの刃,ヒロアカ
キメツの刃,ヒロアカ
呪術回線,キメツの刃
ヒロアカ,呪術回線
キメツの刃,呪術回線
キメツの刃,呪術回線
キメツの刃,ヒロアカ
キメツの刃,呪術回線
呪術回線,ヒロアカ
キメツの刃,呪術回線
ヒロアカ,呪術回線
キメツの刃,ヒロアカ
呪術回線,ヒロアカ
キメツの刃,呪術回線
キメツの刃,呪術回線
キメツの刃,呪術回線
キメツの刃,ヒロアカ
ヒロアカ,キメツの刃
キメツの刃,ヒロアカ
呪術回線,キメツの刃
キメツの刃,呪術回線
ヒロアカ,呪術回線
キメツの刃,呪術回線
キメツの刃,呪術回線
キメツの刃,ヒロアカ
キメツの刃,呪術回線
キメツの刃,呪術回線
呪術回線,ヒロアカ
キメツの刃,呪術回線
キメツの刃,ヒロアカ
呪術回線,ヒロアカ
呪術回線,キメツの刃
キメツの刃,呪術回線
キメツの刃,ヒロアカ
キメツの刃,ヒロアカ
キメツの刃,呪術回線
キメツの刃,呪術回線
キメツの刃,ヒロアカ
キメツの刃,呪術回線
キメツの刃,呪術回線
キメツの刃,ヒロアカ
キメツの刃,ヒロアカ
キメツの刃,呪術回線
キメツの刃,ヒロアカ
呪術回線,ヒロアカ
キメツの刃,ヒロアカ
キメツの刃,ヒロアカ
キメツの刃,呪術回線
キメツの刃,ヒロアカ
キメツの刃,ヒロアカ
ヒロアカ,キメツの刃
キメツの刃,呪術回線
キメツの刃,ヒロアカ
キメツの刃,呪術回線
キメツの刃,ヒロアカ
キメツの刃,ヒロアカ
キメツの刃,呪術回線
キメツの刃,呪術回線
キメツの刃,呪術回線
キメツの刃,ヒロアカ
キメツの刃,呪術回線
呪術回線,ヒロアカ
キメツの刃,呪術回線
キメツの刃,呪術回線
キメツの刃,ヒロアカ
キメツの刃,呪術回線
呪術回線,ヒロアカ
キメツの刃,呪術回線
キメツの刃,ヒロアカ
キメツの刃,ヒロアカ
キメツの刃,呪術回線
ヒロアカ,キメツの刃
キメツの刃,呪術回線
キメツの刃,呪術回線
キメツの刃,ヒロアカ
キメツの刃,呪術回線
キメツの刃,呪術回線
キメツの刃,呪術回線
呪術回線,ヒロアカ
キメツの刃,呪術回線
呪術回線,ヒロアカ
キメツの刃,呪術回線
ヒロアカ,呪術回線
キメツの刃,ヒロアカ
キメツの刃,ヒロアカ
キメツの刃,ヒロアカ
キメツの刃,呪術回線
キメツの刃,ヒロアカ
キメツの刃,ヒロアカ
キメツの刃,ヒロアカ
キメツの刃,呪術回線
キメツの刃,呪術回線
キメツの刃,呪術回線
キメツの刃,呪術回線
呪術回線,ヒロアカ
キメツの刃,ヒロアカ
キメツの刃,ヒロアカ
キメツの刃,呪術回線
キメツの刃,呪術回線
キメツの刃,ヒロアカ
キメツの刃,呪術回線
呪術回線,ヒロアカ
呪術回線,キメツの刃
呪術回線,ヒロアカ
キメツの刃,ヒロアカ
呪術回線,ヒロアカ
キメツの刃,呪術回線
キメツの刃,呪術回線
呪術回線,キメツの刃
呪術回線,ヒロアカ
キメツの刃,呪術回線
キメツの刃,ヒロアカ
キメツの刃,呪術回線
キメツの刃,ヒロアカ
キメツの刃,ヒロアカ
ヒロアカ,呪術回線
キメツの刃,呪術回線
呪術回線,ヒロアカ
キメツの刃,ヒロアカ
キメツの刃,ヒロアカ
キメツの刃,呪術回線
キメツの刃,ヒロアカ
呪術回線,ヒロアカ
キメツの刃,ヒロアカ
ヒロアカ,キメツの刃
キメツの刃,呪術回線
キメツの刃,呪術回線
呪術回線,キメツの刃
キメツの刃,呪術回線
キメツの刃,呪術回線
キメツの刃,呪術回線
呪術回線,キメツの刃
キメツの刃,呪術回線
ヒロアカ,呪術回線
キメツの刃,呪術回線
キメツの刃,ヒロアカ
キメツの刃,ヒロアカ
呪術回線,キメツの刃
キメツの刃,呪術回線
キメツの刃,呪術回線
キメツの刃,呪術回線
キメツの刃,ヒロアカ
キメツの刃,呪術回線
キメツの刃,呪術回線
キメツの刃,ヒロアカ
キメツの刃,ヒロアカ
キメツの刃,呪術回線
キメツの刃,呪術回線
キメツの刃,ヒロアカ
キメツの刃,呪術回線
キメツの刃,呪術回線
キメツの刃,ヒロアカ
呪術回線,キメツの刃
キメツの刃,呪術回線
呪術回線,ヒロアカ
呪術回線,キメツの刃
キメツの刃,ヒロアカ
呪術回線,ヒロアカ
呪術回線,ヒロアカ
キメツの刃,呪術回線
キメツの刃,ヒロアカ
キメツの刃,呪術回線
キメツの刃,呪術回線
キメツの刃,ヒロアカ
キメツの刃,呪術回線
呪術回線,キメツの刃
キメツの刃,呪術回線
呪術回線,キメツの刃
ヒロアカ,呪術回線
キメツの刃,ヒロアカ
ヒロアカ,呪術回線
キメツの刃,ヒロアカ
呪術回線,ヒロアカ
キメツの刃,ヒロアカ
キメツの刃,ヒロアカ
キメツの刃,呪術回線
キメツの刃,呪術回線
キメツの刃,ヒロアカ
キメツの刃,呪術回線
キメツの刃,呪術回線
キメツの刃,ヒロアカ
キメツの刃,呪術回線
呪術回線,キメツの刃
呪術回線,ヒロアカ
キメツの刃,呪術回線
キメツの刃,呪術回線
キメツの刃,ヒロアカ
キメツの刃,ヒロアカ
キメツの刃,呪術回線
キメツの刃,呪術回線
ヒロアカ,キメツの刃
キメツの刃,ヒロアカ
呪術回線,ヒロアカ
呪術回線,キメツの刃
呪術回線,ヒロアカ
キメツの刃,ヒロアカ
キメツの刃,呪術回線
キメツの刃,呪術回線
キメツの刃,ヒロアカ
キメツの刃,呪術回線
キメツの刃,ヒロアカ
呪術回線,キメツの刃
キメツの刃,呪術回線
呪術回線,キメツの刃
呪術回線,キメツの刃
キメツの刃,呪術回線
キメツの刃,呪術回線
キメツの刃,ヒロアカ
キメツの刃,ヒロアカ
キメツの刃,ヒロアカ
呪術回線,ヒロアカ
キメツの刃,呪術回線
呪術回線,キメツの刃
キメツの刃,ヒロアカ
キメツの刃,呪術回線
キメツの刃,ヒロアカ
キメツの刃,呪術回線
キメツの刃,ヒロアカ
キメツの刃,ヒロアカ
キメツの刃,呪術回線
キメツの刃,呪術回線
キメツの刃,呪術回線
キメツの刃,呪術回線
ヒロアカ,呪術回線
キメツの刃,呪術回線
キメツの刃,ヒロアカ
呪術回線,キメツの刃
キメツの刃,呪術回線
呪術回線,キメツの刃
呪術回線,キメツの刃
キメツの刃,ヒロアカ
ヒロアカ,呪術回線
キメツの刃,呪術回線
キメツの刃,呪術回線
キメツの刃,呪術回線
キメツの刃,呪術回線
キメツの刃,呪術回線
呪術回線,ヒロアカ
呪術回線,ヒロアカ
キメツの刃,呪術回線
キメツの刃,ヒロアカ
キメツの刃,呪術回線
呪術回線,ヒロアカ
ヒロアカ,キメツの刃
キメツの刃,呪術回線
キメツの刃,呪術回線
呪術回線,ヒロアカ
呪術回線,ヒロアカ
呪術回線,ヒロアカ
キメツの刃,呪術回線
キメツの刃,呪術回線
キメツの刃,呪術回線
キメツの刃,呪術回線
キメツの刃,ヒロアカ
呪術回線,ヒロアカ
ヒロアカ,呪術回線
キメツの刃,ヒロアカ
キメツの刃,呪術回線
キメツの刃,呪術回線
ヒロアカ,キメツの刃
呪術回線,ヒロアカ
キメツの刃,呪術回線
キメツの刃,ヒロアカ
キメツの刃,ヒロアカ
キメツの刃,ヒロアカ
キメツの刃,呪術回線
キメツの刃,ヒロアカ
呪術回線,ヒロアカ
キメツの刃,呪術回線
キメツの刃,ヒロアカ
キメツの刃,ヒロアカ
呪術回線,キメツの刃
呪術回線,ヒロアカ
キメツの刃,ヒロアカ
呪術回線,ヒロアカ
キメツの刃,呪術回線
呪術回線,キメツの刃
キメツの刃,呪術回線
キメツの刃,ヒロアカ
キメツの刃,ヒロアカ
キメツの刃,呪術回線
キメツの刃,呪術回線
ヒロアカ,呪術回線
ヒロアカ,呪術回線
呪術回線,ヒロアカ
キメツの刃,ヒロアカ
キメツの刃,呪術回線
キメツの刃,呪術回線
キメツの刃,呪術回線
キメツの刃,ヒロアカ
呪術回線,キメツの刃
キメツの刃,ヒロアカ
キメツの刃,ヒロアカ
ヒロアカ,キメツの刃
ヒロアカ,呪術回線
ヒロアカ,呪術回線
呪術回線,キメツの刃
ヒロアカ,呪術回線
キメツの刃,呪術回線
ヒロアカ,呪術回線
キメツの刃,呪術回線
キメツの刃,ヒロアカ
キメツの刃,呪術回線
キメツの刃,呪術回線
キメツの刃,呪術回線
キメツの刃,呪術回線
キメツの刃,ヒロアカ
キメツの刃,ヒロアカ
キメツの刃,呪術回線
呪術回線,キメツの刃
キメツの刃,呪術回線
キメツの刃,ヒロアカ
キメツの刃,呪術回線
キメツの刃,ヒロアカ
キメツの刃,ヒロアカ
ヒロアカ,呪術回線
キメツの刃,呪術回線
ヒロアカ,呪術回線
呪術回線,ヒロアカ
呪術回線,キメツの刃
キメツの刃,呪術回線
キメツの刃,呪術回線
キメツの刃,呪術回線
キメツの刃,呪術回線
キメツの刃,呪術回線
ヒロアカ,呪術回線
呪術回線,キメツの刃
キメツの刃,呪術回線
呪術回線,ヒロアカ
呪術回線,キメツの刃
キメツの刃,ヒロアカ
キメツの刃,ヒロアカ
キメツの刃,呪術回線
呪術回線,キメツの刃
呪術回線,ヒロアカ
呪術回線,ヒロアカ
キメツの刃,ヒロアカ
呪術回線,ヒロアカ
キメツの刃,ヒロアカ
キメツの刃,呪術回線
キメツの刃,呪術回線
ヒロアカ,キメツの刃
呪術回線,ヒロアカ
キメツの刃,ヒロアカ
ヒロアカ,呪術回線
キメツの刃,呪術回線
呪術回線,キメツの刃
キメツの刃,呪術回線
キメツの刃,ヒロアカ
呪術回線,キメツの刃
キメツの刃,呪術回線
呪術回線,ヒロアカ
呪術回線,ヒロアカ
キメツの刃,呪術回線
キメツの刃,呪術回線
キメツの刃,ヒロアカ
ヒロアカ,呪術回線
キメツの刃,呪術回線
キメツの刃,ヒロアカ
ヒロアカ,呪術回線
キメツの刃,呪術回線
キメツの刃,ヒロアカ
呪術回線,ヒロアカ
キメツの刃,ヒロアカ
呪術回線,ヒロアカ
キメツの刃,呪術回線
キメツの刃,ヒロアカ
ヒロアカ,呪術回線
キメツの刃,ヒロアカ
キメツの刃,呪術回線
キメツの刃,ヒロアカ
キメツの刃,ヒロアカ
キメツの刃,呪術回線
キメツの刃,ヒロアカ
キメツの刃,呪術回線
呪術回線,キメツの刃
キメツの刃,呪術回線
呪術回線,キメツの刃
呪術回線,キメツの刃
キメツの刃,呪術回線
キメツの刃,ヒロアカ
キメツの刃,呪術回線
キメツの刃,呪術回線
呪術回線,キメツの刃
ヒロアカ,呪術回線
ヒロアカ,キメツの刃
キメツの刃,呪術回線
キメツの刃,呪術回線
キメツの刃,呪術回線
呪術回線,ヒロアカ
キメツの刃,呪術回線
キメツの刃,ヒロアカ
呪術回線,キメツの刃
呪術回線,ヒロアカ
ヒロアカ,キメツの刃
キメツの刃,呪術回線
呪術回線,ヒロアカ
キメツの刃,呪術回線
呪術回線,ヒロアカ
呪術回線,キメツの刃
キメツの刃,ヒロアカ
呪術回線,ヒロアカ
呪術回線,ヒロアカ
キメツの刃,ヒロアカ
ヒロアカ,呪術回線
ヒロアカ,キメツの刃
キメツの刃,呪術回線
呪術回線,ヒロアカ
キメツの刃,呪術回線
キメツの刃,呪術回線
キメツの刃,呪術回線
キメツの刃,ヒロアカ
キメツの刃,呪術回線
キメツの刃,呪術回線
ヒロアカ,呪術回線
キメツの刃,ヒロアカ
キメツの刃,呪術回線
キメツの刃,ヒロアカ
キメツの刃,呪術回線
キメツの刃,呪術回線
ヒロアカ,キメツの刃
キメツの刃,ヒロアカ
キメツの刃,呪術回線
呪術回線,ヒロアカ
キメツの刃,呪術回線
呪術回線,ヒロアカ
キメツの刃,呪術回線
キメツの刃,呪術回線
キメツの刃,呪術回線
キメツの刃,呪術回線
キメツの刃,呪術回線
キメツの刃,呪術回線
キメツの刃,呪術回線
キメツの刃,呪術回線
キメツの刃,ヒロアカ
キメツの刃,呪術回線
キメツの刃,呪術回線
キメツの刃,呪術回線
キメツの刃,呪術回線
呪術回線,ヒロアカ
キメツの刃,呪術回線
キメツの刃,呪術回線
呪術回線,ヒロアカ
呪術回線,キメツの刃
ヒロアカ,呪術回線
キメツの刃,ヒロアカ
キメツの刃,ヒロアカ
キメツの刃,呪術回線
ヒロアカ,キメツの刃
呪術回線,ヒロアカ
キメツの刃,ヒロアカ
呪術回線,ヒロアカ
ヒロアカ,呪術回線
キメツの刃,呪術回線
キメツの刃,呪術回線
キメツの刃,ヒロアカ
呪術回線,キメツの刃
キメツの刃,呪術回線
ヒロアカ,呪術回線
キメツの刃,呪術回線
キメツの刃,呪術回線
キメツの刃,呪術回線
呪術回線,ヒロアカ
呪術回線,ヒロアカ
キメツの刃,ヒロアカ
キメツの刃,ヒロアカ
ヒロアカ,キメツの刃
ヒロアカ,呪術回線
キメツの刃,呪術回線
キメツの刃,呪術回線
呪術回線,キメツの刃
キメツの刃,呪術回線
キメツの刃,呪術回線
キメツの刃,呪術回線
ヒロアカ,呪術回線
ヒロアカ,呪術回線
ヒロアカ,呪術回線
キメツの刃,ヒロアカ
キメツの刃,呪術回線
キメツの刃,ヒロアカ
キメツの刃,呪術回線
キメツの刃,ヒロアカ
キメツの刃,呪術回線
ヒロアカ,キメツの刃
ヒロアカ,キメツの刃
キメツの刃,呪術回線
キメツの刃,ヒロアカ
キメツの刃,呪術回線
呪術回線,キメツの刃
キメツの刃,呪術回線
呪術回線,キメツの刃
ヒロアカ,呪術回線
キメツの刃,ヒロアカ
キメツの刃,呪術回線
キメツの刃,呪術回線
キメツの刃,呪術回線
キメツの刃,ヒロアカ
呪術回線,ヒロアカ
キメツの刃,ヒロアカ
ヒロアカ,呪術回線
キメツの刃,呪術回線
キメツの刃,呪術回線
キメツの刃,呪術回線
キメツの刃,呪術回線
キメツの刃,呪術回線
呪術回線,キメツの刃
キメツの刃,呪術回線
キメツの刃,ヒロアカ
キメツの刃,呪術回線
ヒロアカ,呪術回線
キメツの刃,呪術回線
キメツの刃,呪術回線
キメツの刃,呪術回線
キメツの刃,ヒロアカ
呪術回線,キメツの刃
呪術回線,ヒロアカ
キメツの刃,ヒロアカ
呪術回線,ヒロアカ
キメツの刃,ヒロアカ
キメツの刃,ヒロアカ
キメツの刃,ヒロアカ
呪術回線,ヒロアカ
呪術回線,ヒロアカ
キメツの刃,ヒロアカ
キメツの刃,呪術回線
キメツの刃,呪術回線
呪術回線,ヒロアカ
ヒロアカ,呪術回線
キメツの刃,呪術回線
ヒロアカ,呪術回線
呪術回線,キメツの刃
キメツの刃,呪術回線
呪術回線,キメツの刃
呪術回線,ヒロアカ
キメツの刃,呪術回線
キメツの刃,呪術回線
キメツの刃,ヒロアカ
キメツの刃,呪術回線
キメツの刃,ヒロアカ
キメツの刃,呪術回線
呪術回線,ヒロアカ
呪術回線,ヒロアカ
キメツの刃,ヒロアカ
キメツの刃,ヒロアカ
キメツの刃,呪術回線
呪術回線,キメツの刃
キメツの刃,呪術回線
キメツの刃,呪術回線
呪術回線,ヒロアカ
キメツの刃,呪術回線
キメツの刃,ヒロアカ
キメツの刃,ヒロアカ
キメツの刃,ヒロアカ
キメツの刃,ヒロアカ
ヒロアカ,キメツの刃
キメツの刃,呪術回線
キメツの刃,呪術回線
キメツの刃,ヒロアカ
キメツの刃,呪術回線
呪術回線,ヒロアカ
キメツの刃,呪術回線
キメツの刃,呪術回線
キメツの刃,呪術回線
キメツの刃,ヒロアカ
ヒロアカ,呪術回線
キメツの刃,呪術回線
キメツの刃,呪術回線
キメツの刃,ヒロアカ
キメツの刃,呪術回線
キメツの刃,呪術回線
キメツの刃,ヒロアカ
キメツの刃,呪術回線
キメツの刃,呪術回線
呪術回線,ヒロアカ
キメツの刃,呪術回線
呪術回線,ヒロアカ
キメツの刃,ヒロアカ
キメツの刃,呪術回線
キメツの刃,呪術回線
呪術回線,ヒロアカ
キメツの刃,呪術回線
キメツの刃,呪術回線
キメツの刃,呪術回線
キメツの刃,呪術回線
呪術回線,ヒロアカ
キメツの刃,呪術回線
キメツの刃,呪術回線
ヒロアカ,呪術回線
キメツの刃,ヒロアカ
呪術回線,ヒロアカ
キメツの刃,ヒロアカ
キメツの刃,呪術回線
キメツの刃,ヒロアカ
呪術回線,キメツの刃
呪術回線,ヒロアカ
キメツの刃,呪術回線
呪術回線,ヒロアカ
キメツの刃,ヒロアカ
ヒロアカ,キメツの刃
呪術回線,キメツの刃
キメツの刃,ヒロアカ
呪術回線,キメツの刃
キメツの刃,呪術回線
呪術回線,キメツの刃
キメツの刃,ヒロアカ
キメツの刃,ヒロアカ
呪術回線,ヒロアカ
キメツの刃,ヒロアカ
ヒロアカ,呪術回線
キメツの刃,呪術回線
ヒロアカ,呪術回線
キメツの刃,呪術回線
呪術回線,ヒロアカ
キメツの刃,呪術回線
キメツの刃,ヒロアカ
キメツの刃,呪術回線
キメツの刃,呪術回線
キメツの刃,ヒロアカ
キメツの刃,呪術回線
キメツの刃,呪術回線
呪術回線,ヒロアカ
ヒロアカ,呪術回線
キメツの刃,ヒロアカ
呪術回線,キメツの刃
キメツの刃,呪術回線
キメツの刃,ヒロアカ
キメツの刃,ヒロアカ
呪術回線,ヒロアカ
キメツの刃,呪術回線
呪術回線,キメツの刃
キメツの刃,呪術回線
ヒロアカ,キメツの刃
ヒロアカ,キメツの刃
キメツの刃,ヒロアカ
キメツの刃,呪術回線
キメツの刃,ヒロアカ
ヒロアカ,呪術回線
キメツの刃,ヒロアカ
キメツの刃,ヒロアカ
キメツの刃,呪術回線
キメツの刃,ヒロアカ
ヒロアカ,呪術回線
キメツの刃,呪術回線
キメツの刃,呪術回線
呪術回線,ヒロアカ
キメツの刃,呪術回線
呪術回線,キメツの刃
キメツの刃,ヒロアカ
キメツの刃,呪術回線
ヒロアカ,呪術回線
呪術回線,ヒロアカ
キメツの刃,ヒロアカ
キメツの刃,ヒロアカ
キメツの刃,呪術回線
キメツの刃,ヒロアカ
キメツの刃,呪術回線
キメツの刃,呪術回線
キメツの刃,ヒロアカ
キメツの刃,呪術回線
キメツの刃,ヒロアカ
キメツの刃,ヒロアカ
キメツの刃,ヒロアカ
ヒロアカ,呪術回線
キメツの刃,呪術回線
呪術回線,ヒロアカ
呪術回線,ヒロアカ
キメツの刃,ヒロアカ
呪術回線,ヒロアカ
キメツの刃,ヒロアカ
キメツの刃,呪術回線
キメツの刃,呪術回線
キメツの刃,呪術回線
キメツの刃,呪術回線
キメツの刃,ヒロアカ
キメツの刃,ヒロアカ
キメツの刃,呪術回線
呪術回線,キメツの刃
キメツの刃,ヒロアカ
呪術回線,キメツの刃
キメツの刃,呪術回線
ヒロアカ,呪術回線
キメツの刃,呪術回線
キメツの刃,呪術回線
呪術回線,ヒロアカ
呪術回線,キメツの刃
キメツの刃,呪術回線
キメツの刃,呪術回線
キメツの刃,呪術回線
キメツの刃,呪術回線
キメツの刃,呪術回線
キメツの刃,ヒロアカ
キメツの刃,呪術回線
キメツの刃,呪術回線
キメツの刃,呪術回線
キメツの刃,呪術回線
キメツの刃,呪術回線
キメツの刃,ヒロアカ
キメツの刃,ヒロアカ
キメツの刃,呪術回線
キメツの刃,呪術回線
キメツの刃,呪術回線
キメツの刃,ヒロアカ
キメツの刃,呪術回線
呪術回線,キメツの刃
呪術回線,キメツの刃
ヒロアカ,キメツの刃
キメツの刃,呪術回線
キメツの刃,呪術回線
キメツの刃,呪術回線
キメツの刃,ヒロアカ
キメツの刃,呪術回線
呪術回線,キメツの刃
呪術回線,キメツの刃
キメツの刃,ヒロアカ
キメツの刃,ヒロアカ
呪術回線,ヒロアカ
キメツの刃,呪術回線
キメツの刃,呪術回線
呪術回線,キメツの刃
キメツの刃,ヒロアカ
呪術回線,ヒロアカ
キメツの刃,呪術回線
キメツの刃,呪術回線
キメツの刃,ヒロアカ
キメツの刃,呪術回線
キメツの刃,呪術回線
呪術回線,ヒロアカ
キメツの刃,ヒロアカ
キメツの刃,呪術回線
キメツの刃,呪術回線
キメツの刃,呪術回線
キメツの刃,呪術回線
ヒロアカ,呪術回線
キメツの刃,ヒロアカ
キメツの刃,ヒロアカ
キメツの刃,呪術回線
キメツの刃,ヒロアカ
キメツの刃,呪術回線
ヒロアカ,キメツの刃
ヒロアカ,キメツの刃
キメツの刃,呪術回線
キメツの刃,呪術回線
キメツの刃,呪術回線
キメツの刃,呪術回線
キメツの刃,ヒロアカ
キメツの刃,ヒロアカ
キメツの刃,ヒロアカ
キメツの刃,呪術回線
キメツの刃,ヒロアカ
キメツの刃,呪術回線
キメツの刃,呪術回線
キメツの刃,ヒロアカ
キメツの刃,呪術回線
呪術回線,キメツの刃
呪術回線,ヒロアカ
キメツの刃,呪術回線
ヒロアカ,呪術回線
呪術回線,ヒロアカ
キメツの刃,ヒロアカ
キメツの刃,ヒロアカ
キメツの刃,呪術回線
キメツの刃,呪術回線
ヒロアカ,呪術回線
呪術回線,キメツの刃
呪術回線,ヒロアカ
キメツの刃,呪術回線
キメツの刃,呪術回線
キメツの刃,呪術回線
キメツの刃,ヒロアカ
キメツの刃,ヒロアカ
キメツの刃,ヒロアカ
ヒロアカ,呪術回線
キメツの刃,ヒロアカ
キメツの刃,呪術回線
ヒロアカ,呪術回線
キメツの刃,ヒロアカ
キメツの刃,呪術回線
呪術回線,ヒロアカ
ヒロアカ,呪術回線
呪術回線,ヒロアカ
キメツの刃,呪術回線
キメツの刃,呪術回線
キメツの刃,ヒロアカ
キメツの刃,呪術回線
キメツの刃,ヒロアカ
キメツの刃,ヒロアカ
呪術回線,ヒロアカ
キメツの刃,呪術回線
キメツの刃,呪術回線
キメツの刃,呪術回線
呪術回線,ヒロアカ
キメツの刃,ヒロアカ
キメツの刃,呪術回線
呪術回線,ヒロアカ
呪術回線,ヒロアカ
キメツの刃,呪術回線
呪術回線,ヒロアカ
キメツの刃,呪術回線
キメツの刃,呪術回線
キメツの刃,呪術回線
呪術回線,ヒロアカ
キメツの刃,ヒロアカ
呪術回線,キメツの刃
ヒロアカ,呪術回線
ヒロアカ,呪術回線
キメツの刃,呪術回線
ヒロアカ,呪術回線
ヒロアカ,キメツの刃
キメツの刃,呪術回線
キメツの刃,呪術回線
キメツの刃,呪術回線
キメツの刃,ヒロアカ
キメツの刃,呪術回線
キメツの刃,ヒロアカ
キメツの刃,呪術回線
キメツの刃,ヒロアカ
キメツの刃,呪術回線
キメツの刃,呪術回線
呪術回線,ヒロアカ
キメツの刃,ヒロアカ
キメツの刃,呪術回線
キメツの刃,呪術回線
キメツの刃,呪術回線
キメツの刃,ヒロアカ
キメツの刃,呪術回線
呪術回線,キメツの刃
キメツの刃,ヒロアカ
キメツの刃,呪術回線
キメツの刃,呪術回線
呪術回線,キメツの刃
キメツの刃,呪術回線
キメツの刃,ヒロアカ
呪術回線,ヒロアカ
ヒロアカ,呪術回線
キメツの刃,ヒロアカ
キメツの刃,呪術回線
キメツの刃,ヒロアカ
ヒロアカ,呪術回線
呪術回線,ヒロアカ
呪術回線,ヒロアカ
キメツの刃,呪術回線
キメツの刃,呪術回線
キメツの刃,ヒロアカ
キメツの刃,ヒロアカ
キメツの刃,呪術回線
キメツの刃,ヒロアカ
キメツの刃,呪術回線
キメツの刃,ヒロアカ
呪術回線,ヒロアカ
キメツの刃,ヒロアカ
キメツの刃,呪術回線
キメツの刃,呪術回線
キメツの刃,呪術回線
呪術回線,ヒロアカ
呪術回線,ヒロアカ
呪術回線,キメツの刃
キメツの刃,呪術回線
ヒロアカ,呪術回線
キメツの刃,ヒロアカ
呪術回線,ヒロアカ
キメツの刃,呪術回線
キメツの刃,呪術回線
キメツの刃,呪術回線
ヒロアカ,呪術回線
キメツの刃,ヒロアカ
キメツの刃,ヒロアカ
キメツの刃,ヒロアカ
キメツの刃,ヒロアカ
キメツの刃,ヒロアカ
キメツの刃,ヒロアカ
呪術回線,キメツの刃
呪術回線,ヒロアカ
キメツの刃,呪術回線
キメツの刃,呪術回線
キメツの刃,ヒロアカ
ヒロアカ,呪術回線
キメツの刃,呪術回線
キメツの刃,ヒロアカ
ヒロアカ,呪術回線
キメツの刃,ヒロアカ
キメツの刃,ヒロアカ
キメツの刃,呪術回線
キメツの刃,ヒロアカ
キメツの刃,ヒロアカ
キメツの刃,ヒロアカ
キメツの刃,ヒロアカ
呪術回線,ヒロアカ
キメツの刃,ヒロアカ
呪術回線,キメツの刃
キメツの刃,ヒロアカ
キメツの刃,呪術回線
キメツの刃,呪術回線
キメツの刃,ヒロアカ
呪術回線,ヒロアカ
キメツの刃,呪術回線
ヒロアカ,呪術回線
キメツの刃,ヒロアカ
キメツの刃,呪術回線
呪術回線,ヒロアカ
キメツの刃,ヒロアカ
キメツの刃,ヒロアカ
キメツの刃,呪術回線
キメツの刃,ヒロアカ
呪術回線,ヒロアカ
キメツの刃,ヒロアカ
キメツの刃,ヒロアカ
キメツの刃,ヒロアカ
ヒロアカ,呪術回線
キメツの刃,ヒロアカ
呪術回線,ヒロアカ
キメツの刃,呪術回線
呪術回線,キメツの刃
キメツの刃,呪術回線
呪術回線,キメツの刃
キメツの刃,呪術回線
呪術回線,ヒロアカ
キメツの刃,呪術回線
ヒロアカ,呪術回線
キメツの刃,ヒロアカ
呪術回線,キメツの刃
ヒロアカ,呪術回線
キメツの刃,ヒロアカ
呪術回線,ヒロアカ
呪術回線,ヒロアカ
キメツの刃,呪術回線
キメツの刃,呪術回線
キメツの刃,呪術回線
ヒロアカ,キメツの刃
キメツの刃,ヒロアカ
キメツの刃,呪術回線
キメツの刃,呪術回線
キメツの刃,呪術回線
呪術回線,キメツの刃
呪術回線,キメツの刃
キメツの刃,呪術回線
キメツの刃,呪術回線
キメツの刃,呪術回線
キメツの刃,ヒロアカ
キメツの刃,呪術回線
呪術回線,ヒロアカ
呪術回線,ヒロアカ
キメツの刃,ヒロアカ
呪術回線,ヒロアカ
呪術回線,ヒロアカ
キメツの刃,呪術回線
キメツの刃,呪術回線
キメツの刃,呪術回線
キメツの刃,呪術回線
キメツの刃,呪術回線
キメツの刃,ヒロアカ
呪術回線,キメツの刃
キメツの刃,呪術回線
キメツの刃,ヒロアカ
呪術回線,ヒロアカ
キメツの刃,ヒロアカ
キメツの刃,呪術回線
呪術回線,ヒロアカ
呪術回線,ヒロアカ
キメツの刃,ヒロアカ
呪術回線,ヒロアカ
呪術回線,ヒロアカ
キメツの刃,ヒロアカ
呪術回線,キメツの刃
キメツの刃,ヒロアカ
ヒロアカ,呪術回線
呪術回線,ヒロアカ
呪術回線,キメツの刃
キメツの刃,呪術回線
キメツの刃,呪術回線
キメツの刃,呪術回線
キメツの刃,呪術回線
ヒロアカ,キメツの刃
キメツの刃,呪術回線
キメツの刃,呪術回線
キメツの刃,ヒロアカ
キメツの刃,呪術回線
呪術回線,キメツの刃
呪術回線,ヒロアカ
キメツの刃,ヒロアカ
キメツの刃,呪術回線
キメツの刃,ヒロアカ
キメツの刃,呪術回線
キメツの刃,ヒロアカ
ヒロアカ,呪術回線
ヒロアカ,呪術回線
キメツの刃,ヒロアカ
キメツの刃,ヒロアカ
キメツの刃,呪術回線
キメツの刃,ヒロアカ
キメツの刃,呪術回線
キメツの刃,呪術回線
ヒロアカ,呪術回線
キメツの刃,ヒロアカ
キメツの刃,ヒロアカ
呪術回線,ヒロアカ
キメツの刃,ヒロアカ
キメツの刃,呪術回線
キメツの刃,ヒロアカ
呪術回線,キメツの刃
キメツの刃,呪術回線
呪術回線,ヒロアカ
キメツの刃,ヒロアカ
呪術回線,キメツの刃
呪術回線,キメツの刃
キメツの刃,呪術回線
キメツの刃,呪術回線
ヒロアカ,呪術回線
キメツの刃,ヒロアカ
キメツの刃,呪術回線
キメツの刃,呪術回線
呪術回線,ヒロアカ
呪術回線,キメツの刃
キメツの刃,呪術回線
呪術回線,キメツの刃
呪術回線,ヒロアカ
キメツの刃,呪術回線
キメツの刃,呪術回線
ヒロアカ,呪術回線
キメツの刃,呪術回線
ヒロアカ,キメツの刃
キメツの刃,呪術回線
キメツの刃,ヒロアカ
キメツの刃,呪術回線
キメツの刃,ヒロアカ
キメツの刃,呪術回線
キメツの刃,呪術回線
キメツの刃,ヒロアカ
キメツの刃,呪術回線
キメツの刃,呪術回線
キメツの刃,呪術回線
キメツの刃,呪術回線
キメツの刃,ヒロアカ
呪術回線,ヒロアカ
呪術回線,ヒロアカ
ヒロアカ,呪術回線
キメツの刃,呪術回線
キメツの刃,呪術回線
キメツの刃,呪術回線
キメツの刃,呪術回線
キメツの刃,ヒロアカ
キメツの刃,呪術回線
キメツの刃,呪術回線
キメツの刃,呪術回線
キメツの刃,ヒロアカ
キメツの刃,呪術回線
ヒロアカ,キメツの刃
キメツの刃,ヒロアカ
キメツの刃,呪術回線
呪術回線,ヒロアカ
キメツの刃,呪術回線
キメツの刃,呪術回線
キメツの刃,呪術回線
キメツの刃,呪術回線
キメツの刃,呪術回線
キメツの刃,呪術回線
キメツの刃,呪術回線
キメツの刃,ヒロアカ
キメツの刃,ヒロアカ
キメツの刃,ヒロアカ
呪術回線,キメツの刃
呪術回線,ヒロアカ
呪術回線,ヒロアカ
キメツの刃,ヒロアカ
呪術回線,ヒロアカ
キメツの刃,呪術回線
キメツの刃,ヒロアカ
ヒロアカ,呪術回線
呪術回線,ヒロアカ
キメツの刃,呪術回線
キメツの刃,呪術回線
キメツの刃,呪術回線
キメツの刃,呪術回線
キメツの刃,呪術回線
キメツの刃,呪術回線
キメツの刃,呪術回線
呪術回線,ヒロアカ
ヒロアカ,呪術回線
キメツの刃,呪術回線
ヒロアカ,キメツの刃
キメツの刃,呪術回線
キメツの刃,呪術回線
キメツの刃,呪術回線
キメツの刃,呪術回線
キメツの刃,呪術回線
呪術回線,ヒロアカ
キメツの刃,ヒロアカ
キメツの刃,呪術回線
キメツの刃,ヒロアカ
キメツの刃,ヒロアカ
ヒロアカ,呪術回線
キメツの刃,呪術回線
ヒロアカ,呪術回線
キメツの刃,呪術回線
ヒロアカ,呪術回線
キメツの刃,呪術回線
キメツの刃,呪術回線
キメツの刃,呪術回線
キメツの刃,呪術回線
呪術回線,ヒロアカ
キメツの刃,ヒロアカ
ヒロアカ,呪術回線
呪術回線,ヒロアカ
キメツの刃,ヒロアカ
呪術回線,キメツの刃
キメツの刃,呪術回線
キメツの刃,ヒロアカ
キメツの刃,呪術回線
呪術回線,ヒロアカ
キメツの刃,呪術回線
キメツの刃,ヒロアカ
キメツの刃,呪術回線
呪術回線,ヒロアカ
キメツの刃,ヒロアカ
キメツの刃,ヒロアカ
キメツの刃,呪術回線
キメツの刃,呪術回線
呪術回線,キメツの刃
呪術回線,ヒロアカ
呪術回線,ヒロアカ
キメツの刃,呪術回線
キメツの刃,呪術回線
キメツの刃,呪術回線
呪術回線,ヒロアカ
呪術回線,キメツの刃
キメツの刃,ヒロアカ
呪術回線,キメツの刃
呪術回線,ヒロアカ
キメツの刃,呪術回線
呪術回線,ヒロアカ
呪術回線,ヒロアカ
キメツの刃,呪術回線
呪術回線,キメツの刃
呪術回線,ヒロアカ
キメツの刃,呪術回線
キメツの刃,呪術回線
キメツの刃,ヒロアカ
キメツの刃,ヒロアカ
ヒロアカ,呪術回線
キメツの刃,ヒロアカ
キメツの刃,呪術回線
キメツの刃,呪術回線
呪術回線,キメツの刃
呪術回線,キメツの刃
キメツの刃,呪術回線
ヒロアカ,呪術回線
キメツの刃,ヒロアカ
キメツの刃,ヒロアカ
キメツの刃,ヒロアカ
ヒロアカ,呪術回線
呪術回線,ヒロアカ
キメツの刃,ヒロアカ
呪術回線,ヒロアカ
ヒロアカ,キメツの刃
キメツの刃,呪術回線
キメツの刃,呪術回線
キメツの刃,ヒロアカ
キメツの刃,呪術回線
キメツの刃,ヒロアカ
キメツの刃,呪術回線
キメツの刃,呪術回線
キメツの刃,ヒロアカ
キメツの刃,呪術回線
キメツの刃,呪術回線
ヒロアカ,呪術回線
キメツの刃,呪術回線
キメツの刃,ヒロアカ
キメツの刃,呪術回線
キメツの刃,呪術回線
キメツの刃,ヒロアカ
キメツの刃,ヒロアカ
キメツの刃,呪術回線
キメツの刃,呪術回線
キメツの刃,呪術回線
呪術回線,ヒロアカ
呪術回線,ヒロアカ
ヒロアカ,呪術回線
キメツの刃,呪術回線
キメツの刃,ヒロアカ
キメツの刃,ヒロアカ
キメツの刃,ヒロアカ
キメツの刃,呪術回線
キメツの刃,ヒロアカ
キメツの刃,ヒロアカ
キメツの刃,呪術回線
キメツの刃,呪術回線
ヒロアカ,呪術回線
キメツの刃,呪術回線
呪術回線,キメツの刃
キメツの刃,呪術回線
ヒロアカ,キメツの刃
キメツの刃,ヒロアカ
ヒロアカ,呪術回線
キメツの刃,ヒロアカ
キメツの刃,ヒロアカ
キメツの刃,呪術回線
キメツの刃,呪術回線
キメツの刃,呪術回線
呪術回線,ヒロアカ
ヒロアカ,キメツの刃
呪術回線,ヒロアカ
ヒロアカ,呪術回線
呪術回線,ヒロアカ
ヒロアカ,呪術回線
キメツの刃,呪術回線
キメツの刃,呪術回線
キメツの刃,ヒロアカ
呪術回線,ヒロアカ
キメツの刃,呪術回線
ヒロアカ,呪術回線
キメツの刃,呪術回線
キメツの刃,呪術回線
キメツの刃,ヒロアカ
キメツの刃,呪術回線
呪術回線,ヒロアカ
キメツの刃,ヒロアカ
キメツの刃,ヒロアカ
キメツの刃,ヒロアカ
キメツの刃,ヒロアカ
キメツの刃,呪術回線
キメツの刃,ヒロアカ
キメツの刃,ヒロアカ
キメツの刃,ヒロアカ
呪術回線,キメツの刃
ヒロアカ,呪術回線
キメツの刃,ヒロアカ
キメツの刃,呪術回線
キメツの刃,ヒロアカ
キメツの刃,呪術回線
キメツの刃,ヒロアカ
呪術回線,キメツの刃
キメツの刃,呪術回線
キメツの刃,呪術回線
キメツの刃,呪術回線
キメツの刃,呪術回線
キメツの刃,ヒロアカ
キメツの刃,呪術回線
キメツの刃,呪術回線
キメツの刃,ヒロアカ
ヒロアカ,呪術回線
キメツの刃,呪術回線
キメツの刃,ヒロアカ
キメツの刃,呪術回線
キメツの刃,呪術回線
ヒロアカ,呪術回線
呪術回線,キメツの刃
キメツの刃,呪術回線
キメツの刃,呪術回線
ヒロアカ,キメツの刃
呪術回線,キメツの刃
キメツの刃,呪術回線
キメツの刃,呪術回線
呪術回線,ヒロアカ
キメツの刃,呪術回線
キメツの刃,ヒロアカ
キメツの刃,ヒロアカ
呪術回線,ヒロアカ
キメツの刃,ヒロアカ
キメツの刃,呪術回線
ヒロアカ,呪術回線
呪術回線,ヒロアカ
キメツの刃,ヒロアカ
呪術回線,ヒロアカ
キメツの刃,ヒロアカ
キメツの刃,呪術回線
キメツの刃,呪術回線
キメツの刃,ヒロアカ
キメツの刃,ヒロアカ
キメツの刃,呪術回線
キメツの刃,呪術回線
呪術回線,ヒロアカ
キメツの刃,呪術回線
呪術回線,ヒロアカ
呪術回線,ヒロアカ
呪術回線,ヒロアカ
キメツの刃,呪術回線
呪術回線,キメツの刃
キメツの刃,ヒロアカ
キメツの刃,呪術回線
呪術回線,ヒロアカ
呪術回線,ヒロアカ
キメツの刃,ヒロアカ
キメツの刃,呪術回線
キメツの刃,呪術回線
キメツの刃,呪術回線
呪術回線,ヒロアカ
ヒロアカ,呪術回線
キメツの刃,呪術回線
ヒロアカ,呪術回線
呪術回線,ヒロアカ
呪術回線,ヒロアカ
キメツの刃,ヒロアカ
呪術回線,キメツの刃
キメツの刃,ヒロアカ
呪術回線,ヒロアカ
呪術回線,キメツの刃
キメツの刃,呪術回線
ヒロアカ,キメツの刃
キメツの刃,ヒロアカ
キメツの刃,呪術回線
キメツの刃,呪術回線
キメツの刃,呪術回線
キメツの刃,呪術回線
キメツの刃,呪術回線
キメツの刃,呪術回線
キメツの刃,ヒロアカ
キメツの刃,ヒロアカ
キメツの刃,ヒロアカ
キメツの刃,呪術回線
キメツの刃,呪術回線
呪術回線,ヒロアカ
キメツの刃,ヒロアカ
キメツの刃,ヒロアカ
キメツの刃,ヒロアカ
キメツの刃,呪術回線
キメツの刃,呪術回線
キメツの刃,呪術回線
キメツの刃,呪術回線
キメツの刃,ヒロアカ
呪術回線,ヒロアカ
キメツの刃,呪術回線
キメツの刃,ヒロアカ
キメツの刃,呪術回線
キメツの刃,呪術回線
ヒロアカ,呪術回線
キメツの刃,呪術回線
キメツの刃,呪術回線
ヒロアカ,キメツの刃
キメツの刃,呪術回線
呪術回線,ヒロアカ
キメツの刃,ヒロアカ
キメツの刃,呪術回線
呪術回線,キメツの刃
キメツの刃,呪術回線
呪術回線,キメツの刃
キメツの刃,呪術回線
キメツの刃,呪術回線
ヒロアカ,呪術回線
キメツの刃,呪術回線
キメツの刃,ヒロアカ
キメツの刃,ヒロアカ
キメツの刃,ヒロアカ
ヒロアカ,呪術回線
キメツの刃,ヒロアカ
キメツの刃,呪術回線
キメツの刃,呪術回線
ヒロアカ,キメツの刃
キメツの刃,呪術回線
呪術回線,ヒロアカ
ヒロアカ,呪術回線
キメツの刃,呪術回線
ヒロアカ,呪術回線
キメツの刃,呪術回線
キメツの刃,ヒロアカ
キメツの刃,呪術回線
キメツの刃,呪術回線
キメツの刃,ヒロアカ
呪術回線,キメツの刃
呪術回線,キメツの刃
キメツの刃,呪術回線
キメツの刃,ヒロアカ
キメツの刃,ヒロアカ
呪術回線,キメツの刃
キメツの刃,呪術回線
ヒロアカ,呪術回線
呪術回線,ヒロアカ
呪術回線,キメツの刃
呪術回線,ヒロアカ
キメツの刃,呪術回線
キメツの刃,呪術回線
キメツの刃,ヒロアカ
キメツの刃,ヒロアカ
キメツの刃,ヒロアカ
キメツの刃,ヒロアカ
呪術回線,キメツの刃
キメツの刃,呪術回線
キメツの刃,ヒロアカ
キメツの刃,呪術回線
キメツの刃,呪術回線
キメツの刃,呪術回線
呪術回線,キメツの刃
キメツの刃,呪術回線
キメツの刃,ヒロアカ
キメツの刃,ヒロアカ
キメツの刃,ヒロアカ
呪術回線,ヒロアカ
呪術回線,ヒロアカ
キメツの刃,呪術回線
キメツの刃,呪術回線
キメツの刃,ヒロアカ
キメツの刃,呪術回線
キメツの刃,呪術回線
呪術回線,ヒロアカ
呪術回線,ヒロアカ
キメツの刃,ヒロアカ
キメツの刃,呪術回線
キメツの刃,呪術回線
呪術回線,ヒロアカ
キメツの刃,呪術回線
キメツの刃,呪術回線
キメツの刃,呪術回線
キメツの刃,呪術回線
キメツの刃,ヒロアカ
キメツの刃,ヒロアカ
呪術回線,ヒロアカ
キメツの刃,呪術回線
ヒロアカ,キメツの刃
キメツの刃,ヒロアカ
ヒロアカ,キメツの刃
ヒロアカ,呪術回線
キメツの刃,呪術回線
キメツの刃,呪術回線
キメツの刃,呪術回線
キメツの刃,ヒロアカ
キメツの刃,ヒロアカ
キメツの刃,呪術回線
呪術回線,キメツの刃
呪術回線,ヒロアカ
キメツの刃,ヒロアカ
キメツの刃,呪術回線
キメツの刃,ヒロアカ
キメツの刃,呪術回線
キメツの刃,ヒロアカ
呪術回線,キメツの刃
呪術回線,ヒロアカ
キメツの刃,呪術回線
キメツの刃,呪術回線
呪術回線,ヒロアカ
キメツの刃,呪術回線
呪術回線,キメツの刃
キメツの刃,呪術回線
キメツの刃,ヒロアカ
キメツの刃,呪術回線
キメツの刃,ヒロアカ
キメツの刃,呪術回線
キメツの刃,呪術回線
キメツの刃,呪術回線
呪術回線,ヒロアカ
呪術回線,キメツの刃
ヒロアカ,呪術回線
キメツの刃,ヒロアカ
キメツの刃,ヒロアカ
キメツの刃,ヒロアカ
キメツの刃,呪術回線
キメツの刃,ヒロアカ
キメツの刃,呪術回線
呪術回線,キメツの刃
ヒロアカ,キメツの刃
キメツの刃,ヒロアカ
呪術回線,ヒロアカ
キメツの刃,ヒロアカ
ヒロアカ,呪術回線
キメツの刃,呪術回線
ヒロアカ,呪術回線
ヒロアカ,キメツの刃
呪術回線,ヒロアカ
キメツの刃,呪術回線
呪術回線,ヒロアカ
キメツの刃,呪術回線
キメツの刃,ヒロアカ
キメツの刃,呪術回線
キメツの刃,呪術回線
ヒロアカ,キメツの刃
呪術回線,ヒロアカ
キメツの刃,ヒロアカ
ヒロアカ,呪術回線
キメツの刃,ヒロアカ
呪術回線,キメツの刃
キメツの刃,ヒロアカ
キメツの刃,ヒロアカ
キメツの刃,ヒロアカ
呪術回線,キメツの刃
キメツの刃,ヒロアカ
呪術回線,キメツの刃
呪術回線,ヒロアカ
キメツの刃,呪術回線
キメツの刃,呪術回線
キメツの刃,呪術回線
キメツの刃,呪術回線
呪術回線,ヒロアカ
呪術回線,ヒロアカ
キメツの刃,呪術回線
キメツの刃,呪術回線
キメツの刃,呪術回線
キメツの刃,ヒロアカ
キメツの刃,ヒロアカ
呪術回線,キメツの刃
キメツの刃,ヒロアカ
呪術回線,ヒロアカ
キメツの刃,呪術回線
ヒロアカ,呪術回線
キメツの刃,ヒロアカ
キメツの刃,ヒロアカ
キメツの刃,ヒロアカ
キメツの刃,呪術回線
キメツの刃,呪術回線
キメツの刃,呪術回線
キメツの刃,呪術回線
キメツの刃,ヒロアカ
ヒロアカ,キメツの刃
キメツの刃,呪術回線
呪術回線,ヒロアカ
キメツの刃,呪術回線
呪術回線,キメツの刃
呪術回線,ヒロアカ
キメツの刃,呪術回線
キメツの刃,呪術回線
キメツの刃,呪術回線
キメツの刃,ヒロアカ
呪術回線,ヒロアカ
ヒロアカ,呪術回線
キメツの刃,ヒロアカ
キメツの刃,呪術回線
呪術回線,ヒロアカ
呪術回線,ヒロアカ
ヒロアカ,キメツの刃
キメツの刃,呪術回線
ヒロアカ,キメツの刃
キメツの刃,呪術回線
キメツの刃,ヒロアカ
キメツの刃,呪術回線
キメツの刃,呪術回線
キメツの刃,呪術回線
キメツの刃,ヒロアカ
呪術回線,ヒロアカ
呪術回線,ヒロアカ
呪術回線,ヒロアカ
呪術回線,キメツの刃
呪術回線,キメツの刃
キメツの刃,呪術回線
キメツの刃,ヒロアカ
ヒロアカ,呪術回線
キメツの刃,呪術回線
呪術回線,キメツの刃
キメツの刃,呪術回線
キメツの刃,ヒロアカ
キメツの刃,呪術回線
キメツの刃,ヒロアカ
キメツの刃,呪術回線
キメツの刃,ヒロアカ
キメツの刃,ヒロアカ
キメツの刃,ヒロアカ
キメツの刃,ヒロアカ
キメツの刃,ヒロアカ
キメツの刃,ヒロアカ
キメツの刃,呪術回線
キメツの刃,呪術回線
呪術回線,ヒロアカ
キメツの刃,呪術回線
キメツの刃,ヒロアカ
呪術回線,キメツの刃
呪術回線,キメツの刃
キメツの刃,呪術回線
キメツの刃,ヒロアカ
キメツの刃,呪術回線
呪術回線,キメツの刃
ヒロアカ,呪術回線
呪術回線,ヒロアカ
キメツの刃,ヒロアカ
呪術回線,キメツの刃
キメツの刃,呪術回線
ヒロアカ,呪術回線
キメツの刃,呪術回線
キメツの刃,呪術回線
呪術回線,ヒロアカ
キメツの刃,ヒロアカ
キメツの刃,呪術回線
キメツの刃,呪術回線
キメツの刃,呪術回線
呪術回線,ヒロアカ
キメツの刃,ヒロアカ
キメツの刃,ヒロアカ
キメツの刃,ヒロアカ
キメツの刃,ヒロアカ
キメツの刃,ヒロアカ
呪術回線,キメツの刃
呪術回線,キメツの刃
キメツの刃,呪術回線
ヒロアカ,呪術回線
キメツの刃,呪術回線
キメツの刃,呪術回線
キメツの刃,呪術回線
キメツの刃,呪術回線
呪術回線,ヒロアカ
ヒロアカ,呪術回線
キメツの刃,ヒロアカ
キメツの刃,ヒロアカ
キメツの刃,呪術回線
キメツの刃,ヒロアカ
キメツの刃,ヒロアカ
キメツの刃,呪術回線
キメツの刃,呪術回線
ヒロアカ,キメツの刃
キメツの刃,ヒロアカ
ヒロアカ,呪術回線
キメツの刃,呪術回線
呪術回線,ヒロアカ
キメツの刃,呪術回線
ヒロアカ,呪術回線
キメツの刃,呪術回線
キメツの刃,呪術回線
キメツの刃,呪術回線
キメツの刃,呪術回線
キメツの刃,呪術回線
キメツの刃,呪術回線
キメツの刃,呪術回線
呪術回線,キメツの刃
呪術回線,ヒロアカ
キメツの刃,呪術回線
ヒロアカ,呪術回線
キメツの刃,ヒロアカ
キメツの刃,ヒロアカ
キメツの刃,ヒロアカ
呪術回線,キメツの刃
ヒロアカ,呪術回線
キメツの刃,ヒロアカ
キメツの刃,呪術回線
キメツの刃,呪術回線
キメツの刃,呪術回線
呪術回線,ヒロアカ
キメツの刃,ヒロアカ
キメツの刃,呪術回線
キメツの刃,呪術回線
キメツの刃,呪術回線
キメツの刃,呪術回線
キメツの刃,呪術回線
キメツの刃,ヒロアカ
キメツの刃,ヒロアカ
キメツの刃,ヒロアカ
呪術回線,ヒロアカ
キメツの刃,呪術回線
キメツの刃,呪術回線
キメツの刃,呪術回線
呪術回線,ヒロアカ
キメツの刃,呪術回線
呪術回線,ヒロアカ
呪術回線,ヒロアカ
呪術回線,キメツの刃
ヒロアカ,呪術回線
ヒロアカ,呪術回線
キメツの刃,ヒロアカ
ヒロアカ,呪術回線
キメツの刃,呪術回線
キメツの刃,呪術回線
キメツの刃,呪術回線
キメツの刃,ヒロアカ
キメツの刃,呪術回線
キメツの刃,ヒロアカ
呪術回線,キメツの刃
ヒロアカ,呪術回線
キメツの刃,呪術回線
キメツの刃,ヒロアカ
キメツの刃,呪術回線
キメツの刃,呪術回線
キメツの刃,呪術回線
キメツの刃,呪術回線
キメツの刃,ヒロアカ
呪術回線,ヒロアカ
キメツの刃,ヒロアカ
キメツの刃,呪術回線
キメツの刃,ヒロアカ
呪術回線,ヒロアカ
呪術回線,キメツの刃
キメツの刃,呪術回線
キメツの刃,呪術回線
キメツの刃,ヒロアカ
キメツの刃,ヒロアカ
呪術回線,ヒロアカ
キメツの刃,呪術回線
キメツの刃,ヒロアカ
キメツの刃,呪術回線
キメツの刃,呪術回線
ヒロアカ,呪術回線
キメツの刃,ヒロアカ
キメツの刃,ヒロアカ
キメツの刃,呪術回線
ヒロアカ,キメツの刃
キメツの刃,呪術回線
キメツの刃,ヒロアカ
呪術回線,ヒロアカ
キメツの刃,ヒロアカ
ヒロアカ,呪術回線
キメツの刃,ヒロアカ
キメツの刃,ヒロアカ
キメツの刃,呪術回線
キメツの刃,呪術回線
キメツの刃,ヒロアカ
呪術回線,キメツの刃
ヒロアカ,キメツの刃
ヒロアカ,呪術回線
キメツの刃,呪術回線
キメツの刃,ヒロアカ
キメツの刃,呪術回線
キメツの刃,呪術回線
キメツの刃,呪術回線
キメツの刃,ヒロアカ
キメツの刃,呪術回線
呪術回線,ヒロアカ
キメツの刃,呪術回線
ヒロアカ,呪術回線
ヒロアカ,キメツの刃
キメツの刃,ヒロアカ
呪術回線,ヒロアカ
呪術回線,ヒロアカ
キメツの刃,呪術回線
キメツの刃,ヒロアカ
呪術回線,キメツの刃
キメツの刃,呪術回線
キメツの刃,ヒロアカ
キメツの刃,ヒロアカ
キメツの刃,ヒロアカ
キメツの刃,呪術回線
ヒロアカ,呪術回線
キメツの刃,呪術回線
呪術回線,ヒロアカ
呪術回線,キメツの刃
キメツの刃,呪術回線
呪術回線,ヒロアカ
キメツの刃,呪術回線
キメツの刃,呪術回線
呪術回線,ヒロアカ
呪術回線,ヒロアカ
キメツの刃,ヒロアカ
キメツの刃,ヒロアカ
キメツの刃,呪術回線
キメツの刃,ヒロアカ
キメツの刃,ヒロアカ
キメツの刃,呪術回線
呪術回線,キメツの刃
キメツの刃,ヒロアカ
ヒロアカ,呪術回線
呪術回線,ヒロアカ
キメツの刃,呪術回線
キメツの刃,呪術回線
キメツの刃,呪術回線
キメツの刃,呪術回線
キメツの刃,呪術回線
キメツの刃,呪術回線
キメツの刃,呪術回線
呪術回線,ヒロアカ
キメツの刃,ヒロアカ
キメツの刃,呪術回線
ヒロアカ,キメツの刃
キメツの刃,呪術回線
キメツの刃,呪術回線
呪術回線,キメツの刃
キメツの刃,呪術回線
キメツの刃,呪術回線
キメツの刃,呪術回線
呪術回線,キメツの刃
キメツの刃,ヒロアカ
キメツの刃,呪術回線
キメツの刃,呪術回線
ヒロアカ,呪術回線
呪術回線,キメツの刃
キメツの刃,ヒロアカ
キメツの刃,呪術回線
キメツの刃,ヒロアカ
キメツの刃,呪術回線
キメツの刃,呪術回線
キメツの刃,呪術回線
キメツの刃,ヒロアカ
キメツの刃,呪術回線
キメツの刃,呪術回線
キメツの刃,呪術回線
キメツの刃,呪術回線
キメツの刃,ヒロアカ
キメツの刃,ヒロアカ
呪術回線,キメツの刃
ヒロアカ,キメツの刃
呪術回線,ヒロアカ
キメツの刃,呪術回線
キメツの刃,呪術回線
キメツの刃,呪術回線
キメツの刃,呪術回線
呪術回線,キメツの刃
キメツの刃,呪術回線
キメツの刃,呪術回線
呪術回線,キメツの刃
呪術回線,キメツの刃
キメツの刃,呪術回線
キメツの刃,呪術回線
呪術回線,ヒロアカ
キメツの刃,ヒロアカ
キメツの刃,呪術回線
キメツの刃,ヒロアカ
キメツの刃,ヒロアカ
キメツの刃,ヒロアカ
キメツの刃,呪術回線
キメツの刃,ヒロアカ
キメツの刃,ヒロアカ
呪術回線,ヒロアカ
キメツの刃,呪術回線
キメツの刃,呪術回線
キメツの刃,呪術回線
ヒロアカ,呪術回線
キメツの刃,呪術回線
キメツの刃,ヒロアカ
キメツの刃,呪術回線
呪術回線,ヒロアカ
呪術回線,ヒロアカ
キメツの刃,呪術回線
キメツの刃,呪術回線
キメツの刃,ヒロアカ
キメツの刃,ヒロアカ
ヒロアカ,キメツの刃
呪術回線,ヒロアカ
キメツの刃,呪術回線
キメツの刃,呪術回線
キメツの刃,呪術回線
キメツの刃,呪術回線
呪術回線,キメツの刃
キメツの刃,呪術回線
キメツの刃,呪術回線
キメツの刃,ヒロアカ
呪術回線,ヒロアカ
キメツの刃,呪術回線
キメツの刃,ヒロアカ
キメツの刃,呪術回線
キメツの刃,ヒロアカ
キメツの刃,ヒロアカ
キメツの刃,呪術回線
キメツの刃,呪術回線
キメツの刃,呪術回線
呪術回線,ヒロアカ
呪術回線,キメツの刃
キメツの刃,ヒロアカ
呪術回線,キメツの刃
キメツの刃,呪術回線
呪術回線,キメツの刃
キメツの刃,呪術回線
キメツの刃,呪術回線
キメツの刃,ヒロアカ
キメツの刃,呪術回線
呪術回線,ヒロアカ
呪術回線,ヒロアカ
呪術回線,キメツの刃
ヒロアカ,呪術回線
キメツの刃,ヒロアカ
ヒロアカ,呪術回線
呪術回線,ヒロアカ
キメツの刃,呪術回線
キメツの刃,ヒロアカ
キメツの刃,呪術回線
キメツの刃,ヒロアカ
キメツの刃,ヒロアカ
ヒロアカ,呪術回線
キメツの刃,呪術回線
キメツの刃,ヒロアカ
ヒロアカ,キメツの刃
キメツの刃,ヒロアカ
キメツの刃,呪術回線
キメツの刃,ヒロアカ
キメツの刃,ヒロアカ
キメツの刃,ヒロアカ
呪術回線,ヒロアカ
キメツの刃,呪術回線
キメツの刃,呪術回線
キメツの刃,呪術回線
ヒロアカ,呪術回線
呪術回線,ヒロアカ
呪術回線,キメツの刃
キメツの刃,ヒロアカ
キメツの刃,呪術回線
キメツの刃,呪術回線
キメツの刃,呪術回線
キメツの刃,呪術回線
呪術回線,ヒロアカ
キメツの刃,呪術回線
キメツの刃,ヒロアカ
呪術回線,ヒロアカ
キメツの刃,ヒロアカ
キメツの刃,呪術回線
キメツの刃,呪術回線
キメツの刃,呪術回線
キメツの刃,呪術回線
キメツの刃,呪術回線
ヒロアカ,キメツの刃
キメツの刃,呪術回線
ヒロアカ,キメツの刃
キメツの刃,呪術回線
キメツの刃,呪術回線
ヒロアカ,呪術回線
キメツの刃,呪術回線
キメツの刃,ヒロアカ
ヒロアカ,呪術回線
キメツの刃,ヒロアカ
ヒロアカ,呪術回線
呪術回線,ヒロアカ
呪術回線,ヒロアカ
キメツの刃,呪術回線
キメツの刃,ヒロアカ
キメツの刃,呪術回線
ヒロアカ,キメツの刃
キメツの刃,呪術回線
呪術回線,キメツの刃
キメツの刃,ヒロアカ
キメツの刃,呪術回線
呪術回線,ヒロアカ
呪術回線,ヒロアカ
ヒロアカ,キメツの刃
キメツの刃,呪術回線
キメツの刃,ヒロアカ
呪術回線,ヒロアカ
キメツの刃,呪術回線
キメツの刃,ヒロアカ
呪術回線,ヒロアカ
キメツの刃,呪術回線
呪術回線,ヒロアカ
呪術回線,キメツの刃
キメツの刃,ヒロアカ
ヒロアカ,呪術回線
キメツの刃,呪術回線
キメツの刃,呪術回線
キメツの刃,ヒロアカ
キメツの刃,ヒロアカ
ヒロアカ,呪術回線
呪術回線,ヒロアカ
呪術回線,キメツの刃
ヒロアカ,呪術回線
キメツの刃,呪術回線
キメツの刃,ヒロアカ
キメツの刃,呪術回線
キメツの刃,ヒロアカ
呪術回線,キメツの刃
呪術回線,キメツの刃
キメツの刃,呪術回線
キメツの刃,呪術回線
キメツの刃,ヒロアカ
キメツの刃,ヒロアカ
キメツの刃,呪術回線
ヒロアカ,呪術回線
キメツの刃,呪術回線
キメツの刃,呪術回線
キメツの刃,ヒロアカ
キメツの刃,呪術回線
キメツの刃,呪術回線
ヒロアカ,呪術回線
キメツの刃,呪術回線
キメツの刃,呪術回線
キメツの刃,呪術回線
キメツの刃,呪術回線
キメツの刃,呪術回線
キメツの刃,ヒロアカ
キメツの刃,ヒロアカ
キメツの刃,呪術回線
キメツの刃,ヒロアカ
キメツの刃,呪術回線
キメツの刃,呪術回線
ヒロアカ,キメツの刃
ヒロアカ,キメツの刃
ヒロアカ,呪術回線
呪術回線,ヒロアカ
呪術回線,キメツの刃
キメツの刃,ヒロアカ
呪術回線,キメツの刃
呪術回線,キメツの刃
キメツの刃,ヒロアカ
キメツの刃,呪術回線
キメツの刃,呪術回線
キメツの刃,呪術回線
キメツの刃,呪術回線
ヒロアカ,呪術回線
キメツの刃,ヒロアカ
キメツの刃,呪術回線
キメツの刃,ヒロアカ
キメツの刃,呪術回線
キメツの刃,呪術回線
呪術回線,ヒロアカ
キメツの刃,呪術回線
キメツの刃,ヒロアカ
キメツの刃,ヒロアカ
ヒロアカ,呪術回線
キメツの刃,ヒロアカ
呪術回線,キメツの刃
キメツの刃,ヒロアカ
キメツの刃,呪術回線
ヒロアカ,呪術回線
ヒロアカ,呪術回線
キメツの刃,ヒロアカ
キメツの刃,呪術回線
キメツの刃,呪術回線
キメツの刃,ヒロアカ
キメツの刃,呪術回線
呪術回線,キメツの刃
キメツの刃,呪術回線
キメツの刃,ヒロアカ
呪術回線,キメツの刃
キメツの刃,ヒロアカ
キメツの刃,呪術回線
キメツの刃,呪術回線
呪術回線,キメツの刃
ヒロアカ,呪術回線
キメツの刃,ヒロアカ
キメツの刃,呪術回線
キメツの刃,呪術回線
キメツの刃,呪術回線
キメツの刃,呪術回線
ヒロアカ,呪術回線
キメツの刃,ヒロアカ
ヒロアカ,呪術回線
呪術回線,キメツの刃
キメツの刃,ヒロアカ
キメツの刃,呪術回線
呪術回線,ヒロアカ
キメツの刃,呪術回線
キメツの刃,呪術回線
キメツの刃,呪術回線
キメツの刃,ヒロアカ
キメツの刃,呪術回線
呪術回線,ヒロアカ
キメツの刃,ヒロアカ
キメツの刃,呪術回線
ヒロアカ,呪術回線
キメツの刃,呪術回線
キメツの刃,ヒロアカ
キメツの刃,ヒロアカ
呪術回線,キメツの刃
キメツの刃,呪術回線
キメツの刃,ヒロアカ
キメツの刃,ヒロアカ
呪術回線,ヒロアカ
キメツの刃,呪術回線
キメツの刃,呪術回線
呪術回線,ヒロアカ
キメツの刃,ヒロアカ
キメツの刃,呪術回線
キメツの刃,呪術回線
キメツの刃,ヒロアカ
呪術回線,キメツの刃
キメツの刃,呪術回線
キメツの刃,呪術回線
キメツの刃,呪術回線
キメツの刃,呪術回線
キメツの刃,ヒロアカ
キメツの刃,ヒロアカ
キメツの刃,ヒロアカ
キメツの刃,ヒロアカ
キメツの刃,呪術回線
ヒロアカ,キメツの刃
キメツの刃,呪術回線
キメツの刃,ヒロアカ
キメツの刃,呪術回線
キメツの刃,呪術回線
呪術回線,ヒロアカ
キメツの刃,呪術回線
キメツの刃,呪術回線
ヒロアカ,呪術回線
キメツの刃,ヒロアカ
キメツの刃,呪術回線
キメツの刃,ヒロアカ
キメツの刃,ヒロアカ
キメツの刃,呪術回線
呪術回線,ヒロアカ
キメツの刃,ヒロアカ
ヒロアカ,呪術回線
呪術回線,ヒロアカ
キメツの刃,呪術回線
キメツの刃,呪術回線
呪術回線,キメツの刃
呪術回線,ヒロアカ
キメツの刃,呪術回線
呪術回線,ヒロアカ
キメツの刃,呪術回線
キメツの刃,呪術回線
キメツの刃,呪術回線
キメツの刃,呪術回線
呪術回線,ヒロアカ
キメツの刃,呪術回線
キメツの刃,呪術回線
ヒロアカ,呪術回線
キメツの刃,ヒロアカ
キメツの刃,呪術回線
キメツの刃,呪術回線
キメツの刃,呪術回線
呪術回線,キメツの刃
キメツの刃,ヒロアカ
キメツの刃,呪術回線
呪術回線,ヒロアカ
キメツの刃,呪術回線
呪術回線,ヒロアカ
ヒロアカ,キメツの刃
呪術回線,ヒロアカ
キメツの刃,ヒロアカ
キメツの刃,呪術回線
ヒロアカ,キメツの刃
キメツの刃,呪術回線
キメツの刃,呪術回線
呪術回線,ヒロアカ
キメツの刃,呪術回線
キメツの刃,呪術回線
キメツの刃,ヒロアカ
呪術回線,ヒロアカ
ヒロアカ,キメツの刃
キメツの刃,ヒロアカ
呪術回線,ヒロアカ
キメツの刃,呪術回線
キメツの刃,呪術回線
呪術回線,ヒロアカ
キメツの刃,呪術回線
キメツの刃,ヒロアカ
キメツの刃,呪術回線
呪術回線,キメツの刃
呪術回線,ヒロアカ
キメツの刃,呪術回線
キメツの刃,呪術回線
キメツの刃,ヒロアカ
キメツの刃,呪術回線
呪術回線,キメツの刃
キメツの刃,ヒロアカ
キメツの刃,ヒロアカ
キメツの刃,ヒロアカ
ヒロアカ,呪術回線
キメツの刃,呪術回線
ヒロアカ,呪術回線
呪術回線,ヒロアカ
キメツの刃,呪術回線
キメツの刃,ヒロアカ
キメツの刃,呪術回線
呪術回線,キメツの刃
キメツの刃,呪術回線
呪術回線,ヒロアカ
キメツの刃,呪術回線
キメツの刃,呪術回線
キメツの刃,呪術回線
呪術回線,ヒロアカ
キメツの刃,呪術回線
ヒロアカ,呪術回線
ヒロアカ,呪術回線
キメツの刃,呪術回線
ヒロアカ,呪術回線
キメツの刃,呪術回線
キメツの刃,ヒロアカ
キメツの刃,呪術回線
キメツの刃,呪術回線
キメツの刃,呪術回線
呪術回線,ヒロアカ
キメツの刃,呪術回線
呪術回線,キメツの刃
ヒロアカ,キメツの刃
キメツの刃,呪術回線
キメツの刃,呪術回線
キメツの刃,呪術回線
キメツの刃,ヒロアカ
キメツの刃,呪術回線
呪術回線,ヒロアカ
キメツの刃,呪術回線
キメツの刃,呪術回線
呪術回線,キメツの刃
キメツの刃,ヒロアカ
キメツの刃,ヒロアカ
ヒロアカ,呪術回線
キメツの刃,呪術回線
呪術回線,ヒロアカ
呪術回線,ヒロアカ
キメツの刃,呪術回線
キメツの刃,ヒロアカ
ヒロアカ,呪術回線
キメツの刃,ヒロアカ
キメツの刃,呪術回線
キメツの刃,呪術回線
呪術回線,ヒロアカ
キメツの刃,ヒロアカ
キメツの刃,呪術回線
キメツの刃,ヒロアカ
呪術回線,ヒロアカ
呪術回線,ヒロアカ
呪術回線,ヒロアカ
キメツの刃,呪術回線
キメツの刃,呪術回線
キメツの刃,ヒロアカ
キメツの刃,呪術回線
キメツの刃,呪術回線
キメツの刃,呪術回線
キメツの刃,呪術回線
キメツの刃,ヒロアカ
ヒロアカ,キメツの刃
キメツの刃,ヒロアカ
キメツの刃,呪術回線
キメツの刃,呪術回線
キメツの刃,呪術回線
キメツの刃,ヒロアカ
呪術回線,キメツの刃
呪術回線,キメツの刃
キメツの刃,呪術回線
呪術回線,ヒロアカ
キメツの刃,呪術回線
キメツの刃,呪術回線
キメツの刃,呪術回線
キメツの刃,ヒロアカ
キメツの刃,ヒロアカ
キメツの刃,ヒロアカ
キメツの刃,ヒロアカ
キメツの刃,ヒロアカ
呪術回線,ヒロアカ
呪術回線,ヒロアカ
ヒロアカ,呪術回線
キメツの刃,ヒロアカ
キメツの刃,ヒロアカ
キメツの刃,ヒロアカ
ヒロアカ,呪術回線
呪術回線,ヒロアカ
呪術回線,キメツの刃
キメツの刃,ヒロアカ
呪術回線,ヒロアカ
呪術回線,キメツの刃
キメツの刃,呪術回線
呪術回線,ヒロアカ
呪術回線,ヒロアカ
キメツの刃,呪術回線
キメツの刃,呪術回線
ヒロアカ,呪術回線
キメツの刃,ヒロアカ
キメツの刃,ヒロアカ
ヒロアカ,呪術回線
キメツの刃,呪術回線
キメツの刃,呪術回線
キメツの刃,ヒロアカ
キメツの刃,ヒロアカ
ヒロアカ,呪術回線
呪術回線,キメツの刃
ヒロアカ,キメツの刃
呪術回線,ヒロアカ
キメツの刃,ヒロアカ
キメツの刃,呪術回線
キメツの刃,ヒロアカ
キメツの刃,呪術回線
キメツの刃,呪術回線
キメツの刃,呪術回線
キメツの刃,呪術回線
キメツの刃,呪術回線
キメツの刃,呪術回線
キメツの刃,呪術回線
呪術回線,キメツの刃
呪術回線,キメツの刃
呪術回線,ヒロアカ
キメツの刃,呪術回線
キメツの刃,呪術回線
キメツの刃,呪術回線
キメツの刃,呪術回線
キメツの刃,ヒロアカ
呪術回線,ヒロアカ
キメツの刃,呪術回線
キメツの刃,ヒロアカ
キメツの刃,呪術回線
キメツの刃,ヒロアカ
キメツの刃,呪術回線
キメツの刃,ヒロアカ
キメツの刃,呪術回線
キメツの刃,ヒロアカ
キメツの刃,ヒロアカ
キメツの刃,呪術回線
キメツの刃,呪術回線
キメツの刃,呪術回線
キメツの刃,ヒロアカ
ヒロアカ,呪術回線
キメツの刃,ヒロアカ
キメツの刃,呪術回線
ヒロアカ,呪術回線
キメツの刃,呪術回線
キメツの刃,ヒロアカ
キメツの刃,呪術回線
キメツの刃,呪術回線
キメツの刃,ヒロアカ
キメツの刃,呪術回線
呪術回線,キメツの刃
呪術回線,ヒロアカ
キメツの刃,呪術回線
キメツの刃,ヒロアカ
呪術回線,ヒロアカ
呪術回線,ヒロアカ
キメツの刃,ヒロアカ
キメツの刃,ヒロアカ
ヒロアカ,呪術回線
キメツの刃,ヒロアカ
キメツの刃,呪術回線
ヒロアカ,呪術回線
呪術回線,キメツの刃
キメツの刃,ヒロアカ
ヒロアカ,呪術回線
キメツの刃,ヒロアカ
呪術回線,ヒロアカ
キメツの刃,ヒロアカ
キメツの刃,呪術回線
呪術回線,キメツの刃
キメツの刃,呪術回線
キメツの刃,ヒロアカ
呪術回線,ヒロアカ
キメツの刃,ヒロアカ
キメツの刃,呪術回線
呪術回線,ヒロアカ
キメツの刃,呪術回線
キメツの刃,呪術回線
キメツの刃,ヒロアカ
キメツの刃,呪術回線
ヒロアカ,呪術回線
キメツの刃,ヒロアカ
キメツの刃,呪術回線
呪術回線,キメツの刃
呪術回線,ヒロアカ
呪術回線,ヒロアカ
キメツの刃,呪術回線
キメツの刃,呪術回線
キメツの刃,呪術回線
キメツの刃,呪術回線
キメツの刃,ヒロアカ
呪術回線,ヒロアカ
呪術回線,キメツの刃
キメツの刃,ヒロアカ
キメツの刃,ヒロアカ
ヒロアカ,呪術回線
キメツの刃,呪術回線
キメツの刃,呪術回線
キメツの刃,ヒロアカ
ヒロアカ,キメツの刃
ヒロアカ,呪術回線
キメツの刃,呪術回線
キメツの刃,ヒロアカ
キメツの刃,呪術回線
キメツの刃,呪術回線
ヒロアカ,呪術回線
キメツの刃,ヒロアカ
キメツの刃,呪術回線
キメツの刃,呪術回線
キメツの刃,呪術回線
呪術回線,キメツの刃
キメツの刃,呪術回線
キメツの刃,ヒロアカ
キメツの刃,ヒロアカ
キメツの刃,呪術回線
呪術回線,ヒロアカ
キメツの刃,呪術回線
キメツの刃,呪術回線
キメツの刃,ヒロアカ
キメツの刃,呪術回線
キメツの刃,呪術回線
キメツの刃,呪術回線
キメツの刃,ヒロアカ
ヒロアカ,呪術回線
キメツの刃,呪術回線
キメツの刃,呪術回線
キメツの刃,ヒロアカ
キメツの刃,呪術回線
キメツの刃,呪術回線
呪術回線,ヒロアカ
ヒロアカ,呪術回線
呪術回線,ヒロアカ
キメツの刃,呪術回線
キメツの刃,呪術回線
キメツの刃,呪術回線
呪術回線,ヒロアカ
キメツの刃,呪術回線
キメツの刃,呪術回線
キメツの刃,ヒロアカ
キメツの刃,呪術回線
キメツの刃,呪術回線
呪術回線,ヒロアカ
キメツの刃,ヒロアカ
キメツの刃,呪術回線
キメツの刃,ヒロアカ
呪術回線,キメツの刃
キメツの刃,呪術回線
キメツの刃,ヒロアカ
キメツの刃,呪術回線
呪術回線,キメツの刃
キメツの刃,呪術回線
キメツの刃,ヒロアカ
キメツの刃,呪術回線
呪術回線,キメツの刃
キメツの刃,呪術回線
キメツの刃,ヒロアカ
ヒロアカ,呪術回線
キメツの刃,ヒロアカ
呪術回線,ヒロアカ
キメツの刃,ヒロアカ
キメツの刃,ヒロアカ
キメツの刃,ヒロアカ
呪術回線,ヒロアカ
キメツの刃,呪術回線
キメツの刃,ヒロアカ
呪術回線,キメツの刃
キメツの刃,呪術回線
キメツの刃,呪術回線
キメツの刃,呪術回線
キメツの刃,呪術回線
キメツの刃,呪術回線
キメツの刃,ヒロアカ
キメツの刃,呪術回線
呪術回線,ヒロアカ
呪術回線,ヒロアカ
キメツの刃,呪術回線
キメツの刃,ヒロアカ
キメツの刃,呪術回線
キメツの刃,呪術回線
キメツの刃,ヒロアカ
キメツの刃,呪術回線
キメツの刃,呪術回線
呪術回線,キメツの刃
呪術回線,ヒロアカ
キメツの刃,呪術回線
キメツの刃,ヒロアカ
キメツの刃,ヒロアカ
呪術回線,ヒロアカ
キメツの刃,ヒロアカ
キメツの刃,呪術回線
キメツの刃,ヒロアカ
キメツの刃,呪術回線
ヒロアカ,呪術回線
ヒロアカ,キメツの刃
キメツの刃,呪術回線
キメツの刃,ヒロアカ
キメツの刃,ヒロアカ
キメツの刃,呪術回線
呪術回線,キメツの刃
キメツの刃,呪術回線
ヒロアカ,呪術回線
キメツの刃,呪術回線
キメツの刃,呪術回線
キメツの刃,呪術回線
呪術回線,キメツの刃
呪術回線,キメツの刃
キメツの刃,呪術回線
キメツの刃,呪術回線
キメツの刃,呪術回線
キメツの刃,呪術回線
キメツの刃,ヒロアカ
呪術回線,キメツの刃
ヒロアカ,キメツの刃
キメツの刃,呪術回線
キメツの刃,呪術回線
ヒロアカ,キメツの刃
キメツの刃,ヒロアカ
キメツの刃,ヒロアカ
キメツの刃,呪術回線
キメツの刃,ヒロアカ
キメツの刃,呪術回線
キメツの刃,ヒロアカ
キメツの刃,呪術回線
キメツの刃,呪術回線
キメツの刃,ヒロアカ
キメツの刃,呪術回線
ヒロアカ,呪術回線
キメツの刃,呪術回線
呪術回線,キメツの刃
キメツの刃,ヒロアカ
キメツの刃,ヒロアカ
キメツの刃,呪術回線
呪術回線,ヒロアカ
キメツの刃,呪術回線
キメツの刃,ヒロアカ
キメツの刃,呪術回線
キメツの刃,呪術回線
キメツの刃,呪術回線
呪術回線,キメツの刃
キメツの刃,ヒロアカ
キメツの刃,ヒロアカ
キメツの刃,ヒロアカ
キメツの刃,呪術回線
ヒロアカ,キメツの刃
キメツの刃,ヒロアカ
キメツの刃,呪術回線
キメツの刃,呪術回線
キメツの刃,呪術回線
キメツの刃,呪術回線
キメツの刃,ヒロアカ
キメツの刃,呪術回線
呪術回線,ヒロアカ
キメツの刃,ヒロアカ
キメツの刃,呪術回線
キメツの刃,ヒロアカ
呪術回線,キメツの刃
キメツの刃,呪術回線
キメツの刃,ヒロアカ
キメツの刃,ヒロアカ
ヒロアカ,キメツの刃
キメツの刃,呪術回線
呪術回線,キメツの刃
キメツの刃,ヒロアカ
キメツの刃,呪術回線
キメツの刃,呪術回線
キメツの刃,呪術回線
キメツの刃,ヒロアカ
呪術回線,ヒロアカ
キメツの刃,ヒロアカ
キメツの刃,ヒロアカ
キメツの刃,呪術回線
キメツの刃,ヒロアカ
ヒロアカ,呪術回線
キメツの刃,呪術回線
キメツの刃,呪術回線
キメツの刃,ヒロアカ
キメツの刃,呪術回線
キメツの刃,呪術回線
キメツの刃,ヒロアカ
キメツの刃,ヒロアカ
キメツの刃,呪術回線
キメツの刃,ヒロアカ
キメツの刃,ヒロアカ
呪術回線,ヒロアカ
ヒロアカ,呪術回線
キメツの刃,呪術回線
キメツの刃,呪術回線
ヒロアカ,呪術回線
キメツの刃,呪術回線
キメツの刃,ヒロアカ
キメツの刃,ヒロアカ
キメツの刃,呪術回線
呪術回線,キメツの刃
呪術回線,キメツの刃
キメツの刃,ヒロアカ
キメツの刃,ヒロアカ
キメツの刃,呪術回線
キメツの刃,ヒロアカ
キメツの刃,呪術回線
呪術回線,キメツの刃
ヒロアカ,呪術回線
キメツの刃,ヒロアカ
ヒロアカ,呪術回線
キメツの刃,呪術回線
キメツの刃,ヒロアカ
キメツの刃,呪術回線
呪術回線,ヒロアカ
キメツの刃,ヒロアカ
キメツの刃,呪術回線
キメツの刃,呪術回線
キメツの刃,呪術回線
キメツの刃,ヒロアカ
キメツの刃,呪術回線
キメツの刃,呪術回線
ヒロアカ,呪術回線
キメツの刃,ヒロアカ
キメツの刃,呪術回線
キメツの刃,ヒロアカ
キメツの刃,呪術回線
呪術回線,ヒロアカ
呪術回線,ヒロアカ
キメツの刃,ヒロアカ
キメツの刃,呪術回線
ヒロアカ,呪術回線
キメツの刃,呪術回線
キメツの刃,呪術回線
呪術回線,キメツの刃
呪術回線,ヒロアカ
キメツの刃,呪術回線
キメツの刃,ヒロアカ
キメツの刃,呪術回線
ヒロアカ,キメツの刃
キメツの刃,呪術回線
キメツの刃,呪術回線
キメツの刃,ヒロアカ
キメツの刃,ヒロアカ
キメツの刃,呪術回線
キメツの刃,ヒロアカ
キメツの刃,呪術回線
キメツの刃,呪術回線
キメツの刃,呪術回線
キメツの刃,ヒロアカ
キメツの刃,ヒロアカ
キメツの刃,呪術回線
キメツの刃,呪術回線
キメツの刃,呪術回線
キメツの刃,呪術回線
呪術回線,ヒロアカ
キメツの刃,ヒロアカ
キメツの刃,ヒロアカ
呪術回線,ヒロアカ
キメツの刃,呪術回線
呪術回線,ヒロアカ
キメツの刃,呪術回線
ヒロアカ,呪術回線
キメツの刃,呪術回線
呪術回線,キメツの刃
呪術回線,ヒロアカ
呪術回線,キメツの刃
キメツの刃,呪術回線
キメツの刃,呪術回線
キメツの刃,ヒロアカ
キメツの刃,呪術回線
キメツの刃,ヒロアカ
キメツの刃,呪術回線
キメツの刃,呪術回線
キメツの刃,ヒロアカ
呪術回線,キメツの刃
キメツの刃,ヒロアカ
呪術回線,ヒロアカ
ヒロアカ,呪術回線
キメツの刃,呪術回線
キメツの刃,呪術回線
キメツの刃,ヒロアカ
キメツの刃,呪術回線
キメツの刃,呪術回線
キメツの刃,ヒロアカ
キメツの刃,ヒロアカ
キメツの刃,ヒロアカ
呪術回線,キメツの刃
キメツの刃,呪術回線
キメツの刃,呪術回線
キメツの刃,呪術回線
呪術回線,ヒロアカ
キメツの刃,呪術回線
キメツの刃,呪術回線
ヒロアカ,呪術回線
キメツの刃,呪術回線
ヒロアカ,呪術回線
キメツの刃,ヒロアカ
キメツの刃,ヒロアカ
キメツの刃,呪術回線
キメツの刃,呪術回線
キメツの刃,呪術回線
キメツの刃,呪術回線
呪術回線,ヒロアカ
呪術回線,ヒロアカ
ヒロアカ,呪術回線
キメツの刃,呪術回線
キメツの刃,ヒロアカ
キメツの刃,ヒロアカ
キメツの刃,呪術回線
呪術回線,キメツの刃
キメツの刃,呪術回線
キメツの刃,呪術回線
キメツの刃,呪術回線
ヒロアカ,呪術回線
呪術回線,ヒロアカ
キメツの刃,呪術回線
ヒロアカ,呪術回線
キメツの刃,呪術回線
キメツの刃,呪術回線
ヒロアカ,呪術回線
呪術回線,キメツの刃
呪術回線,ヒロアカ
キメツの刃,呪術回線
キメツの刃,ヒロアカ
キメツの刃,ヒロアカ
呪術回線,キメツの刃
キメツの刃,ヒロアカ
キメツの刃,呪術回線
ヒロアカ,キメツの刃
キメツの刃,ヒロアカ
ヒロアカ,呪術回線
ヒロアカ,呪術回線
キメツの刃,呪術回線
キメツの刃,呪術回線
キメツの刃,呪術回線
呪術回線,キメツの刃
キメツの刃,呪術回線
ヒロアカ,呪術回線
ヒロアカ,呪術回線
キメツの刃,呪術回線
呪術回線,ヒロアカ
ヒロアカ,呪術回線
呪術回線,ヒロアカ
キメツの刃,ヒロアカ
キメツの刃,ヒロアカ
キメツの刃,呪術回線
呪術回線,ヒロアカ
キメツの刃,ヒロアカ
キメツの刃,ヒロアカ
呪術回線,キメツの刃
キメツの刃,呪術回線
キメツの刃,呪術回線
ヒロアカ,呪術回線
呪術回線,キメツの刃
呪術回線,ヒロアカ
キメツの刃,呪術回線
キメツの刃,ヒロアカ
呪術回線,キメツの刃
呪術回線,キメツの刃
呪術回線,キメツの刃
キメツの刃,呪術回線
ヒロアカ,キメツの刃
キメツの刃,ヒロアカ
キメツの刃,ヒロアカ
キメツの刃,ヒロアカ
キメツの刃,ヒロアカ
キメツの刃,ヒロアカ
呪術回線,キメツの刃
キメツの刃,呪術回線
キメツの刃,呪術回線
キメツの刃,呪術回線
キメツの刃,ヒロアカ
キメツの刃,呪術回線
キメツの刃,呪術回線
キメツの刃,呪術回線
呪術回線,キメツの刃
キメツの刃,呪術回線
キメツの刃,呪術回線
キメツの刃,ヒロアカ
ヒロアカ,キメツの刃
キメツの刃,呪術回線
キメツの刃,ヒロアカ
キメツの刃,呪術回線
呪術回線,キメツの刃
キメツの刃,ヒロアカ
キメツの刃,ヒロアカ
キメツの刃,ヒロアカ
ヒロアカ,呪術回線
呪術回線,ヒロアカ
キメツの刃,呪術回線
キメツの刃,呪術回線
呪術回線,キメツの刃
キメツの刃,ヒロアカ
呪術回線,ヒロアカ
呪術回線,ヒロアカ
キメツの刃,呪術回線
キメツの刃,呪術回線
呪術回線,キメツの刃
キメツの刃,呪術回線
呪術回線,ヒロアカ
キメツの刃,呪術回線
呪術回線,ヒロアカ
ヒロアカ,呪術回線
キメツの刃,ヒロアカ
呪術回線,ヒロアカ
キメツの刃,呪術回線
キメツの刃,ヒロアカ
呪術回線,キメツの刃
キメツの刃,呪術回線
キメツの刃,呪術回線
キメツの刃,ヒロアカ
キメツの刃,呪術回線
キメツの刃,ヒロアカ
キメツの刃,呪術回線
キメツの刃,呪術回線
ヒロアカ,呪術回線
キメツの刃,ヒロアカ
呪術回線,キメツの刃
キメツの刃,呪術回線
呪術回線,ヒロアカ
キメツの刃,ヒロアカ
キメツの刃,呪術回線
呪術回線,キメツの刃
キメツの刃,ヒロアカ
キメツの刃,ヒロアカ
呪術回線,キメツの刃
キメツの刃,ヒロアカ
キメツの刃,ヒロアカ
ヒロアカ,呪術回線
キメツの刃,呪術回線
キメツの刃,ヒロアカ
キメツの刃,呪術回線
キメツの刃,呪術回線
キメツの刃,呪術回線
キメツの刃,呪術回線
キメツの刃,ヒロアカ
キメツの刃,ヒロアカ
キメツの刃,呪術回線
キメツの刃,ヒロアカ
キメツの刃,呪術回線
キメツの刃,ヒロアカ
呪術回線,ヒロアカ
キメツの刃,呪術回線
キメツの刃,呪術回線
キメツの刃,呪術回線
キメツの刃,ヒロアカ
キメツの刃,呪術回線
キメツの刃,呪術回線
キメツの刃,呪術回線
キメツの刃,呪術回線
キメツの刃,呪術回線
キメツの刃,呪術回線
呪術回線,ヒロアカ
キメツの刃,呪術回線
キメツの刃,ヒロアカ
呪術回線,キメツの刃
ヒロアカ,呪術回線
キメツの刃,呪術回線
キメツの刃,呪術回線
キメツの刃,呪術回線
キメツの刃,呪術回線
キメツの刃,ヒロアカ
キメツの刃,呪術回線
キメツの刃,呪術回線
キメツの刃,ヒロアカ
キメツの刃,ヒロアカ
キメツの刃,ヒロアカ
キメツの刃,呪術回線
キメツの刃,呪術回線
キメツの刃,呪術回線
キメツの刃,ヒロアカ
キメツの刃,呪術回線
呪術回線,ヒロアカ
キメツの刃,呪術回線
呪術回線,ヒロアカ
呪術回線,キメツの刃
キメツの刃,ヒロアカ
キメツの刃,呪術回線
キメツの刃,呪術回線
キメツの刃,呪術回線
キメツの刃,呪術回線
キメツの刃,呪術回線
キメツの刃,ヒロアカ
キメツの刃,ヒロアカ
呪術回線,ヒロアカ
ヒロアカ,呪術回線
キメツの刃,呪術回線
キメツの刃,呪術回線
呪術回線,ヒロアカ
キメツの刃,呪術回線
キメツの刃,ヒロアカ
ヒロアカ,呪術回線
キメツの刃,呪術回線
キメツの刃,ヒロアカ
呪術回線,キメツの刃
キメツの刃,呪術回線
キメツの刃,呪術回線
キメツの刃,呪術回線
キメツの刃,ヒロアカ
ヒロアカ,呪術回線
キメツの刃,呪術回線
キメツの刃,ヒロアカ
ヒロアカ,キメツの刃
呪術回線,キメツの刃
キメツの刃,呪術回線
キメツの刃,呪術回線
呪術回線,キメツの刃
キメツの刃,呪術回線
キメツの刃,ヒロアカ
キメツの刃,呪術回線
キメツの刃,ヒロアカ
キメツの刃,ヒロアカ
呪術回線,キメツの刃
呪術回線,ヒロアカ
キメツの刃,呪術回線
キメツの刃,呪術回線
ヒロアカ,呪術回線
キメツの刃,呪術回線
ヒロアカ,呪術回線
キメツの刃,ヒロアカ
キメツの刃,呪術回線
ヒロアカ,呪術回線
ヒロアカ,呪術回線
キメツの刃,呪術回線
ヒロアカ,呪術回線
キメツの刃,ヒロアカ
キメツの刃,呪術回線
キメツの刃,ヒロアカ
呪術回線,ヒロアカ
呪術回線,ヒロアカ
呪術回線,キメツの刃
キメツの刃,ヒロアカ
キメツの刃,ヒロアカ
キメツの刃,呪術回線
キメツの刃,ヒロアカ
キメツの刃,呪術回線
キメツの刃,ヒロアカ
キメツの刃,呪術回線
呪術回線,ヒロアカ
キメツの刃,ヒロアカ
キメツの刃,ヒロアカ
キメツの刃,ヒロアカ
キメツの刃,ヒロアカ
キメツの刃,ヒロアカ
キメツの刃,呪術回線
キメツの刃,ヒロアカ
呪術回線,キメツの刃
キメツの刃,呪術回線
呪術回線,ヒロアカ
キメツの刃,ヒロアカ
キメツの刃,ヒロアカ
キメツの刃,ヒロアカ
キメツの刃,呪術回線
キメツの刃,呪術回線
キメツの刃,ヒロアカ
ヒロアカ,呪術回線
キメツの刃,ヒロアカ
キメツの刃,呪術回線
キメツの刃,呪術回線
キメツの刃,呪術回線
キメツの刃,呪術回線
キメツの刃,呪術回線
ヒロアカ,呪術回線
ヒロアカ,呪術回線
呪術回線,ヒロアカ
キメツの刃,ヒロアカ
呪術回線,キメツの刃
呪術回線,ヒロアカ
キメツの刃,呪術回線
ヒロアカ,呪術回線
キメツの刃,呪術回線
呪術回線,キメツの刃
キメツの刃,ヒロアカ
キメツの刃,呪術回線
呪術回線,キメツの刃
キメツの刃,ヒロアカ
キメツの刃,呪術回線
ヒロアカ,呪術回線
キメツの刃,ヒロアカ
キメツの刃,ヒロアカ
キメツの刃,呪術回線
キメツの刃,呪術回線
キメツの刃,ヒロアカ
キメツの刃,ヒロアカ
キメツの刃,呪術回線
キメツの刃,呪術回線
キメツの刃,ヒロアカ
呪術回線,ヒロアカ
呪術回線,ヒロアカ
キメツの刃,ヒロアカ
ヒロアカ,呪術回線
キメツの刃,呪術回線
キメツの刃,ヒロアカ
キメツの刃,呪術回線
呪術回線,ヒロアカ
キメツの刃,ヒロアカ
キメツの刃,呪術回線
キメツの刃,呪術回線
キメツの刃,呪術回線
ヒロアカ,呪術回線
キメツの刃,ヒロアカ
キメツの刃,ヒロアカ
キメツの刃,ヒロアカ
キメツの刃,ヒロアカ
ヒロアカ,キメツの刃
キメツの刃,呪術回線
キメツの刃,ヒロアカ
キメツの刃,呪術回線
呪術回線,キメツの刃
キメツの刃,呪術回線
キメツの刃,ヒロアカ
呪術回線,ヒロアカ
キメツの刃,呪術回線
キメツの刃,呪術回線
キメツの刃,ヒロアカ
呪術回線,キメツの刃
呪術回線,キメツの刃
キメツの刃,呪術回線
キメツの刃,呪術回線
キメツの刃,呪術回線
キメツの刃,ヒロアカ
呪術回線,ヒロアカ
ヒロアカ,呪術回線
キメツの刃,ヒロアカ
呪術回線,ヒロアカ
呪術回線,キメツの刃
キメツの刃,呪術回線
キメツの刃,ヒロアカ
キメツの刃,ヒロアカ
呪術回線,ヒロアカ
キメツの刃,ヒロアカ
呪術回線,ヒロアカ
キメツの刃,ヒロアカ
キメツの刃,ヒロアカ
キメツの刃,ヒロアカ
キメツの刃,ヒロアカ
キメツの刃,呪術回線
キメツの刃,呪術回線
呪術回線,ヒロアカ
キメツの刃,呪術回線
キメツの刃,ヒロアカ
キメツの刃,ヒロアカ
ヒロアカ,呪術回線
キメツの刃,ヒロアカ
キメツの刃,ヒロアカ
呪術回線,ヒロアカ
キメツの刃,呪術回線
キメツの刃,ヒロアカ
キメツの刃,呪術回線
キメツの刃,呪術回線
キメツの刃,ヒロアカ
キメツの刃,呪術回線
キメツの刃,呪術回線
キメツの刃,呪術回線
呪術回線,キメツの刃
キメツの刃,呪術回線
ヒロアカ,呪術回線
キメツの刃,呪術回線
キメツの刃,呪術回線
呪術回線,ヒロアカ
呪術回線,キメツの刃
キメツの刃,呪術回線
呪術回線,キメツの刃
キメツの刃,呪術回線
キメツの刃,呪術回線
呪術回線,キメツの刃
キメツの刃,呪術回線
呪術回線,ヒロアカ
キメツの刃,呪術回線
キメツの刃,ヒロアカ
キメツの刃,呪術回線
キメツの刃,ヒロアカ
キメツの刃,呪術回線
ヒロアカ,呪術回線
キメツの刃,ヒロアカ
キメツの刃,呪術回線
キメツの刃,呪術回線
キメツの刃,呪術回線
キメツの刃,呪術回線
キメツの刃,呪術回線
キメツの刃,呪術回線
呪術回線,ヒロアカ
キメツの刃,ヒロアカ
キメツの刃,呪術回線
キメツの刃,呪術回線
キメツの刃,呪術回線
呪術回線,ヒロアカ
キメツの刃,呪術回線
ヒロアカ,キメツの刃
キメツの刃,呪術回線
キメツの刃,呪術回線
キメツの刃,ヒロアカ
キメツの刃,ヒロアカ
ヒロアカ,キメツの刃
呪術回線,ヒロアカ
呪術回線,ヒロアカ
呪術回線,ヒロアカ
キメツの刃,呪術回線
キメツの刃,呪術回線
キメツの刃,呪術回線
ヒロアカ,キメツの刃
キメツの刃,ヒロアカ
呪術回線,ヒロアカ
呪術回線,ヒロアカ
呪術回線,ヒロアカ
キメツの刃,ヒロアカ
キメツの刃,ヒロアカ
キメツの刃,呪術回線
呪術回線,キメツの刃
呪術回線,ヒロアカ
キメツの刃,ヒロアカ
キメツの刃,呪術回線
ヒロアカ,キメツの刃
キメツの刃,呪術回線
ヒロアカ,呪術回線
キメツの刃,呪術回線
呪術回線,ヒロアカ
呪術回線,キメツの刃
ヒロアカ,呪術回線
キメツの刃,ヒロアカ
ヒロアカ,呪術回線
キメツの刃,呪術回線
キメツの刃,呪術回線
呪術回線,キメツの刃
キメツの刃,ヒロアカ
キメツの刃,呪術回線
ヒロアカ,呪術回線
呪術回線,ヒロアカ
キメツの刃,呪術回線
キメツの刃,呪術回線
キメツの刃,呪術回線
ヒロアカ,呪術回線
キメツの刃,ヒロアカ
キメツの刃,ヒロアカ
キメツの刃,呪術回線
キメツの刃,呪術回線
呪術回線,ヒロアカ
ヒロアカ,呪術回線
キメツの刃,呪術回線
キメツの刃,呪術回線
呪術回線,ヒロアカ
キメツの刃,ヒロアカ
キメツの刃,呪術回線
キメツの刃,ヒロアカ
キメツの刃,ヒロアカ
キメツの刃,呪術回線
ヒロアカ,呪術回線
キメツの刃,ヒロアカ
キメツの刃,呪術回線
キメツの刃,呪術回線
キメツの刃,ヒロアカ
ヒロアカ,キメツの刃
キメツの刃,ヒロアカ
呪術回線,ヒロアカ
ヒロアカ,呪術回線
キメツの刃,呪術回線
キメツの刃,呪術回線
キメツの刃,ヒロアカ
キメツの刃,呪術回線
キメツの刃,呪術回線
キメツの刃,ヒロアカ
キメツの刃,呪術回線
キメツの刃,ヒロアカ
キメツの刃,ヒロアカ
キメツの刃,ヒロアカ
キメツの刃,ヒロアカ
キメツの刃,ヒロアカ
ヒロアカ,キメツの刃
呪術回線,キメツの刃
キメツの刃,呪術回線
キメツの刃,呪術回線
キメツの刃,呪術回線
呪術回線,ヒロアカ
キメツの刃,ヒロアカ
キメツの刃,ヒロアカ
キメツの刃,ヒロアカ
キメツの刃,呪術回線
ヒロアカ,呪術回線
呪術回線,ヒロアカ
呪術回線,ヒロアカ
キメツの刃,呪術回線
キメツの刃,呪術回線
キメツの刃,ヒロアカ
キメツの刃,ヒロアカ
キメツの刃,ヒロアカ
キメツの刃,ヒロアカ
ヒロアカ,呪術回線
キメツの刃,呪術回線
キメツの刃,呪術回線
キメツの刃,呪術回線
ヒロアカ,キメツの刃
呪術回線,ヒロアカ
キメツの刃,呪術回線
呪術回線,ヒロアカ
呪術回線,ヒロアカ
キメツの刃,呪術回線
キメツの刃,呪術回線
呪術回線,ヒロアカ
キメツの刃,呪術回線
キメツの刃,ヒロアカ
キメツの刃,呪術回線
キメツの刃,呪術回線
キメツの刃,呪術回線
キメツの刃,呪術回線
呪術回線,ヒロアカ
キメツの刃,呪術回線
キメツの刃,呪術回線
キメツの刃,呪術回線
ヒロアカ,呪術回線
キメツの刃,呪術回線
ヒロアカ,呪術回線
ヒロアカ,呪術回線
ヒロアカ,呪術回線
ヒロアカ,呪術回線
キメツの刃,ヒロアカ
キメツの刃,ヒロアカ
呪術回線,ヒロアカ
呪術回線,ヒロアカ
キメツの刃,ヒロアカ
キメツの刃,ヒロアカ
キメツの刃,ヒロアカ
キメツの刃,ヒロアカ
ヒロアカ,キメツの刃
キメツの刃,呪術回線
キメツの刃,呪術回線
ヒロアカ,呪術回線
キメツの刃,呪術回線
キメツの刃,呪術回線
キメツの刃,呪術回線
呪術回線,ヒロアカ
キメツの刃,呪術回線
ヒロアカ,キメツの刃
キメツの刃,呪術回線
キメツの刃,呪術回線
キメツの刃,呪術回線
キメツの刃,呪術回線
キメツの刃,ヒロアカ
呪術回線,ヒロアカ
キメツの刃,ヒロアカ
キメツの刃,呪術回線
呪術回線,ヒロアカ
キメツの刃,ヒロアカ
キメツの刃,呪術回線
キメツの刃,呪術回線
呪術回線,ヒロアカ
呪術回線,ヒロアカ
キメツの刃,ヒロアカ
呪術回線,キメツの刃
キメツの刃,呪術回線
キメツの刃,ヒロアカ
キメツの刃,ヒロアカ
キメツの刃,呪術回線
呪術回線,ヒロアカ
呪術回線,キメツの刃
キメツの刃,呪術回線
キメツの刃,呪術回線
ヒロアカ,キメツの刃
キメツの刃,呪術回線
キメツの刃,ヒロアカ
呪術回線,キメツの刃
キメツの刃,ヒロアカ
キメツの刃,ヒロアカ
キメツの刃,呪術回線
呪術回線,キメツの刃
ヒロアカ,キメツの刃
キメツの刃,ヒロアカ
キメツの刃,ヒロアカ
キメツの刃,ヒロアカ
キメツの刃,呪術回線
キメツの刃,呪術回線
キメツの刃,呪術回線
キメツの刃,ヒロアカ
ヒロアカ,キメツの刃
呪術回線,キメツの刃
呪術回線,ヒロアカ
キメツの刃,ヒロアカ
キメツの刃,呪術回線
キメツの刃,呪術回線
キメツの刃,ヒロアカ
キメツの刃,ヒロアカ
キメツの刃,呪術回線
キメツの刃,呪術回線
キメツの刃,呪術回線
ヒロアカ,キメツの刃
キメツの刃,呪術回線
キメツの刃,ヒロアカ
キメツの刃,ヒロアカ
キメツの刃,呪術回線
キメツの刃,呪術回線
キメツの刃,呪術回線
キメツの刃,呪術回線
キメツの刃,呪術回線
ヒロアカ,呪術回線
キメツの刃,呪術回線
キメツの刃,ヒロアカ
キメツの刃,呪術回線
キメツの刃,呪術回線
呪術回線,ヒロアカ
キメツの刃,呪術回線
キメツの刃,呪術回線
呪術回線,ヒロアカ
キメツの刃,呪術回線
キメツの刃,呪術回線
キメツの刃,呪術回線
呪術回線,ヒロアカ
呪術回線,ヒロアカ
キメツの刃,ヒロアカ
ヒロアカ,キメツの刃
ヒロアカ,キメツの刃
キメツの刃,ヒロアカ
呪術回線,ヒロアカ
呪術回線,ヒロアカ
キメツの刃,ヒロアカ
キメツの刃,呪術回線
呪術回線,ヒロアカ
キメツの刃,呪術回線
キメツの刃,呪術回線
キメツの刃,ヒロアカ
呪術回線,ヒロアカ
呪術回線,ヒロアカ
キメツの刃,呪術回線
キメツの刃,呪術回線
キメツの刃,呪術回線
呪術回線,キメツの刃
ヒロアカ,呪術回線
キメツの刃,ヒロアカ
キメツの刃,呪術回線
キメツの刃,ヒロアカ
キメツの刃,呪術回線
キメツの刃,呪術回線
キメツの刃,呪術回線
キメツの刃,呪術回線
キメツの刃,呪術回線
呪術回線,ヒロアカ
呪術回線,ヒロアカ
呪術回線,ヒロアカ
キメツの刃,呪術回線
キメツの刃,呪術回線
呪術回線,ヒロアカ
キメツの刃,呪術回線
キメツの刃,呪術回線
キメツの刃,呪術回線
ヒロアカ,呪術回線
呪術回線,キメツの刃
キメツの刃,呪術回線
キメツの刃,呪術回線
キメツの刃,呪術回線
呪術回線,ヒロアカ
呪術回線,ヒロアカ
呪術回線,ヒロアカ
キメツの刃,呪術回線
ヒロアカ,キメツの刃
呪術回線,キメツの刃
呪術回線,ヒロアカ
キメツの刃,ヒロアカ
キメツの刃,ヒロアカ
キメツの刃,呪術回線
呪術回線,キメツの刃
ヒロアカ,呪術回線
呪術回線,キメツの刃
呪術回線,キメツの刃
呪術回線,キメツの刃
キメツの刃,呪術回線
呪術回線,キメツの刃
キメツの刃,呪術回線
呪術回線,ヒロアカ
呪術回線,ヒロアカ
キメツの刃,呪術回線
呪術回線,キメツの刃
呪術回線,キメツの刃
ヒロアカ,呪術回線
呪術回線,キメツの刃
キメツの刃,呪術回線
キメツの刃,呪術回線
キメツの刃,呪術回線
キメツの刃,呪術回線
呪術回線,ヒロアカ
キメツの刃,ヒロアカ
キメツの刃,呪術回線
キメツの刃,ヒロアカ
呪術回線,ヒロアカ
呪術回線,ヒロアカ
呪術回線,ヒロアカ
キメツの刃,ヒロアカ
キメツの刃,呪術回線
キメツの刃,呪術回線
キメツの刃,呪術回線
キメツの刃,呪術回線
キメツの刃,ヒロアカ
ヒロアカ,キメツの刃
キメツの刃,ヒロアカ
キメツの刃,呪術回線
キメツの刃,ヒロアカ
呪術回線,ヒロアカ
キメツの刃,呪術回線
キメツの刃,ヒロアカ
キメツの刃,ヒロアカ
ヒロアカ,呪術回線
キメツの刃,ヒロアカ
キメツの刃,呪術回線
キメツの刃,ヒロアカ
キメツの刃,呪術回線
キメツの刃,呪術回線
呪術回線,ヒロアカ
呪術回線,ヒロアカ
キメツの刃,呪術回線
キメツの刃,呪術回線
キメツの刃,ヒロアカ
ヒロアカ,呪術回線
キメツの刃,ヒロアカ
キメツの刃,ヒロアカ
キメツの刃,ヒロアカ
キメツの刃,ヒロアカ
ヒロアカ,キメツの刃
キメツの刃,呪術回線
呪術回線,キメツの刃
キメツの刃,呪術回線
キメツの刃,呪術回線
キメツの刃,ヒロアカ
呪術回線,ヒロアカ
キメツの刃,ヒロアカ
キメツの刃,呪術回線
キメツの刃,呪術回線
キメツの刃,ヒロアカ
キメツの刃,呪術回線
キメツの刃,ヒロアカ
キメツの刃,呪術回線
キメツの刃,ヒロアカ
呪術回線,キメツの刃
キメツの刃,呪術回線
呪術回線,ヒロアカ
キメツの刃,呪術回線
キメツの刃,呪術回線
キメツの刃,呪術回線
キメツの刃,呪術回線
キメツの刃,呪術回線
キメツの刃,呪術回線
キメツの刃,呪術回線
キメツの刃,呪術回線
キメツの刃,呪術回線
キメツの刃,呪術回線
キメツの刃,呪術回線
キメツの刃,ヒロアカ
キメツの刃,呪術回線
キメツの刃,呪術回線
キメツの刃,ヒロアカ
キメツの刃,呪術回線
キメツの刃,呪術回線
キメツの刃,呪術回線
呪術回線,ヒロアカ
キメツの刃,呪術回線
キメツの刃,ヒロアカ
キメツの刃,ヒロアカ
キメツの刃,呪術回線
ヒロアカ,キメツの刃
キメツの刃,ヒロアカ
キメツの刃,呪術回線
キメツの刃,ヒロアカ
キメツの刃,呪術回線
ヒロアカ,キメツの刃
キメツの刃,呪術回線
呪術回線,ヒロアカ
キメツの刃,ヒロアカ
キメツの刃,呪術回線
呪術回線,キメツの刃
キメツの刃,呪術回線
キメツの刃,ヒロアカ
キメツの刃,呪術回線
キメツの刃,呪術回線
キメツの刃,ヒロアカ
キメツの刃,呪術回線
キメツの刃,呪術回線
キメツの刃,呪術回線
呪術回線,キメツの刃
キメツの刃,ヒロアカ
キメツの刃,呪術回線
キメツの刃,呪術回線
ヒロアカ,呪術回線
呪術回線,ヒロアカ
キメツの刃,ヒロアカ
キメツの刃,ヒロアカ
キメツの刃,呪術回線
キメツの刃,呪術回線
キメツの刃,呪術回線
キメツの刃,呪術回線
キメツの刃,呪術回線
呪術回線,ヒロアカ
呪術回線,ヒロアカ
キメツの刃,ヒロアカ
キメツの刃,ヒロアカ
キメツの刃,ヒロアカ
ヒロアカ,キメツの刃
キメツの刃,呪術回線
キメツの刃,呪術回線
キメツの刃,ヒロアカ
キメツの刃,ヒロアカ
ヒロアカ,呪術回線
キメツの刃,呪術回線
キメツの刃,呪術回線
ヒロアカ,呪術回線
キメツの刃,呪術回線
キメツの刃,呪術回線
キメツの刃,呪術回線
ヒロアカ,呪術回線
キメツの刃,ヒロアカ
ヒロアカ,呪術回線
キメツの刃,呪術回線
キメツの刃,ヒロアカ
キメツの刃,呪術回線
キメツの刃,呪術回線
キメツの刃,呪術回線
キメツの刃,呪術回線
呪術回線,キメツの刃
キメツの刃,ヒロアカ
キメツの刃,呪術回線
キメツの刃,呪術回線
キメツの刃,ヒロアカ
キメツの刃,呪術回線
ヒロアカ,キメツの刃
キメツの刃,呪術回線
キメツの刃,ヒロアカ
キメツの刃,ヒロアカ
キメツの刃,ヒロアカ
キメツの刃,ヒロアカ
キメツの刃,ヒロアカ
キメツの刃,呪術回線
キメツの刃,ヒロアカ
呪術回線,ヒロアカ
キメツの刃,呪術回線
キメツの刃,呪術回線
ヒロアカ,キメツの刃
呪術回線,ヒロアカ
キメツの刃,呪術回線
呪術回線,ヒロアカ
呪術回線,ヒロアカ
キメツの刃,呪術回線
キメツの刃,ヒロアカ
キメツの刃,ヒロアカ
呪術回線,ヒロアカ
キメツの刃,ヒロアカ
キメツの刃,呪術回線
キメツの刃,呪術回線
キメツの刃,呪術回線
キメツの刃,呪術回線
キメツの刃,呪術回線
キメツの刃,呪術回線
呪術回線,ヒロアカ
キメツの刃,ヒロアカ
ヒロアカ,キメツの刃
キメツの刃,呪術回線
キメツの刃,ヒロアカ
キメツの刃,ヒロアカ
キメツの刃,ヒロアカ
キメツの刃,呪術回線
キメツの刃,ヒロアカ
呪術回線,ヒロアカ
キメツの刃,呪術回線
キメツの刃,呪術回線
呪術回線,キメツの刃
呪術回線,キメツの刃
ヒロアカ,呪術回線
呪術回線,キメツの刃
呪術回線,キメツの刃
キメツの刃,呪術回線
キメツの刃,呪術回線
キメツの刃,呪術回線
呪術回線,キメツの刃
キメツの刃,ヒロアカ
ヒロアカ,キメツの刃
キメツの刃,呪術回線
キメツの刃,ヒロアカ
呪術回線,キメツの刃
キメツの刃,呪術回線
呪術回線,ヒロアカ
キメツの刃,ヒロアカ
キメツの刃,ヒロアカ
キメツの刃,ヒロアカ
呪術回線,ヒロアカ
キメツの刃,呪術回線
キメツの刃,ヒロアカ
キメツの刃,ヒロアカ
キメツの刃,呪術回線
キメツの刃,ヒロアカ
キメツの刃,ヒロアカ
キメツの刃,ヒロアカ
キメツの刃,呪術回線
キメツの刃,呪術回線
呪術回線,ヒロアカ
ヒロアカ,呪術回線
呪術回線,キメツの刃
ヒロアカ,キメツの刃
キメツの刃,ヒロアカ
キメツの刃,呪術回線
キメツの刃,呪術回線
キメツの刃,呪術回線
呪術回線,ヒロアカ
ヒロアカ,呪術回線
キメツの刃,呪術回線
キメツの刃,呪術回線
キメツの刃,呪術回線
キメツの刃,ヒロアカ
キメツの刃,呪術回線
ヒロアカ,呪術回線
キメツの刃,呪術回線
キメツの刃,呪術回線
呪術回線,キメツの刃
キメツの刃,ヒロアカ
キメツの刃,ヒロアカ
キメツの刃,ヒロアカ
キメツの刃,呪術回線
キメツの刃,ヒロアカ
キメツの刃,呪術回線
呪術回線,ヒロアカ
キメツの刃,呪術回線
呪術回線,キメツの刃
キメツの刃,ヒロアカ
呪術回線,ヒロアカ
キメツの刃,呪術回線
キメツの刃,ヒロアカ
ヒロアカ,呪術回線
呪術回線,ヒロアカ
キメツの刃,呪術回線
キメツの刃,ヒロアカ
キメツの刃,呪術回線
キメツの刃,呪術回線
キメツの刃,ヒロアカ
ヒロアカ,呪術回線
キメツの刃,呪術回線
キメツの刃,呪術回線
キメツの刃,呪術回線
ヒロアカ,呪術回線
呪術回線,キメツの刃
呪術回線,ヒロアカ
呪術回線,ヒロアカ
呪術回線,ヒロアカ
キメツの刃,呪術回線
キメツの刃,呪術回線
キメツの刃,呪術回線
キメツの刃,呪術回線
キメツの刃,呪術回線
キメツの刃,呪術回線
キメツの刃,呪術回線
キメツの刃,呪術回線
呪術回線,ヒロアカ
キメツの刃,ヒロアカ
呪術回線,ヒロアカ
呪術回線,ヒロアカ
キメツの刃,ヒロアカ
呪術回線,ヒロアカ
キメツの刃,呪術回線
キメツの刃,ヒロアカ
キメツの刃,呪術回線
ヒロアカ,呪術回線
呪術回線,ヒロアカ
キメツの刃,ヒロアカ
キメツの刃,呪術回線
ヒロアカ,呪術回線
キメツの刃,ヒロアカ
キメツの刃,呪術回線
キメツの刃,呪術回線
キメツの刃,呪術回線
キメツの刃,呪術回線
呪術回線,ヒロアカ
キメツの刃,呪術回線
キメツの刃,呪術回線
呪術回線,ヒロアカ
キメツの刃,呪術回線
キメツの刃,ヒロアカ
キメツの刃,呪術回線
キメツの刃,ヒロアカ
キメツの刃,ヒロアカ
キメツの刃,ヒロアカ
キメツの刃,呪術回線
呪術回線,ヒロアカ
キメツの刃,呪術回線
キメツの刃,呪術回線
呪術回線,ヒロアカ
キメツの刃,呪術回線
キメツの刃,呪術回線
キメツの刃,ヒロアカ
キメツの刃,呪術回線
キメツの刃,呪術回線
キメツの刃,呪術回線
呪術回線,ヒロアカ
キメツの刃,呪術回線
キメツの刃,呪術回線
キメツの刃,呪術回線
キメツの刃,呪術回線
キメツの刃,呪術回線
キメツの刃,呪術回線
キメツの刃,呪術回線
キメツの刃,呪術回線
呪術回線,キメツの刃
キメツの刃,呪術回線
キメツの刃,ヒロアカ
キメツの刃,呪術回線
呪術回線,キメツの刃
呪術回線,キメツの刃
キメツの刃,ヒロアカ
キメツの刃,ヒロアカ
キメツの刃,呪術回線
キメツの刃,呪術回線
キメツの刃,ヒロアカ
キメツの刃,呪術回線
キメツの刃,呪術回線
呪術回線,ヒロアカ
ヒロアカ,キメツの刃
呪術回線,キメツの刃
ヒロアカ,呪術回線
キメツの刃,ヒロアカ
キメツの刃,呪術回線
呪術回線,ヒロアカ
キメツの刃,呪術回線
キメツの刃,呪術回線
呪術回線,キメツの刃
呪術回線,キメツの刃
キメツの刃,ヒロアカ
キメツの刃,ヒロアカ
呪術回線,ヒロアカ
キメツの刃,ヒロアカ
呪術回線,キメツの刃
呪術回線,キメツの刃
キメツの刃,ヒロアカ
キメツの刃,呪術回線
キメツの刃,呪術回線
キメツの刃,呪術回線
キメツの刃,ヒロアカ
キメツの刃,呪術回線
キメツの刃,呪術回線
キメツの刃,呪術回線
キメツの刃,ヒロアカ
キメツの刃,ヒロアカ
キメツの刃,呪術回線
呪術回線,ヒロアカ
呪術回線,ヒロアカ
キメツの刃,呪術回線
呪術回線,キメツの刃
キメツの刃,呪術回線
キメツの刃,呪術回線
呪術回線,ヒロアカ
呪術回線,ヒロアカ
キメツの刃,ヒロアカ
呪術回線,ヒロアカ
ヒロアカ,呪術回線
呪術回線,キメツの刃
呪術回線,ヒロアカ
キメツの刃,ヒロアカ
呪術回線,キメツの刃
キメツの刃,ヒロアカ
キメツの刃,呪術回線
呪術回線,ヒロアカ
呪術回線,ヒロアカ
キメツの刃,呪術回線
キメツの刃,呪術回線
キメツの刃,呪術回線
ヒロアカ,呪術回線
キメツの刃,呪術回線
キメツの刃,ヒロアカ
ヒロアカ,呪術回線
キメツの刃,呪術回線
呪術回線,キメツの刃
キメツの刃,呪術回線
呪術回線,ヒロアカ
キメツの刃,ヒロアカ
呪術回線,ヒロアカ
キメツの刃,ヒロアカ
キメツの刃,呪術回線
キメツの刃,ヒロアカ
キメツの刃,呪術回線
呪術回線,ヒロアカ
キメツの刃,呪術回線
ヒロアカ,呪術回線
呪術回線,キメツの刃
ヒロアカ,呪術回線
キメツの刃,ヒロアカ
キメツの刃,呪術回線
キメツの刃,ヒロアカ
キメツの刃,呪術回線
キメツの刃,呪術回線
キメツの刃,ヒロアカ
キメツの刃,呪術回線
キメツの刃,呪術回線
キメツの刃,ヒロアカ
ヒロアカ,呪術回線
呪術回線,キメツの刃
キメツの刃,呪術回線
キメツの刃,呪術回線
ヒロアカ,呪術回線
キメツの刃,ヒロアカ
キメツの刃,呪術回線
キメツの刃,呪術回線
呪術回線,ヒロアカ
キメツの刃,ヒロアカ
呪術回線,ヒロアカ
キメツの刃,呪術回線
呪術回線,ヒロアカ
キメツの刃,呪術回線
キメツの刃,呪術回線
キメツの刃,呪術回線
キメツの刃,ヒロアカ
呪術回線,ヒロアカ
キメツの刃,ヒロアカ
キメツの刃,呪術回線
キメツの刃,ヒロアカ
キメツの刃,ヒロアカ
呪術回線,ヒロアカ
キメツの刃,呪術回線
キメツの刃,呪術回線
キメツの刃,呪術回線
キメツの刃,呪術回線
キメツの刃,ヒロアカ
呪術回線,ヒロアカ
ヒロアカ,呪術回線
キメツの刃,呪術回線
キメツの刃,呪術回線
キメツの刃,呪術回線
キメツの刃,呪術回線
キメツの刃,ヒロアカ
キメツの刃,呪術回線
キメツの刃,ヒロアカ
呪術回線,ヒロアカ
キメツの刃,呪術回線
呪術回線,ヒロアカ
キメツの刃,ヒロアカ
キメツの刃,呪術回線
キメツの刃,ヒロアカ
呪術回線,ヒロアカ
キメツの刃,ヒロアカ
キメツの刃,ヒロアカ
ヒロアカ,呪術回線
キメツの刃,ヒロアカ
呪術回線,ヒロアカ
呪術回線,キメツの刃
呪術回線,ヒロアカ
キメツの刃,呪術回線
キメツの刃,ヒロアカ
キメツの刃,呪術回線
キメツの刃,呪術回線
キメツの刃,呪術回線
ヒロアカ,呪術回線
呪術回線,キメツの刃
キメツの刃,呪術回線
キメツの刃,呪術回線
キメツの刃,ヒロアカ
呪術回線,ヒロアカ
呪術回線,ヒロアカ
キメツの刃,ヒロアカ
キメツの刃,呪術回線
キメツの刃,呪術回線
ヒロアカ,呪術回線
呪術回線,ヒロアカ
キメツの刃,呪術回線
呪術回線,キメツの刃
呪術回線,ヒロアカ
キメツの刃,ヒロアカ
キメツの刃,呪術回線
キメツの刃,ヒロアカ
キメツの刃,ヒロアカ
キメツの刃,呪術回線
キメツの刃,呪術回線
ヒロアカ,呪術回線
呪術回線,キメツの刃
キメツの刃,呪術回線
キメツの刃,呪術回線
キメツの刃,呪術回線
呪術回線,ヒロアカ
呪術回線,ヒロアカ
呪術回線,キメツの刃
キメツの刃,呪術回線
キメツの刃,呪術回線
キメツの刃,呪術回線
ヒロアカ,呪術回線
呪術回線,キメツの刃
キメツの刃,ヒロアカ
キメツの刃,ヒロアカ
キメツの刃,呪術回線
ヒロアカ,呪術回線
キメツの刃,呪術回線
キメツの刃,呪術回線
呪術回線,ヒロアカ
キメツの刃,ヒロアカ
ヒロアカ,呪術回線
キメツの刃,呪術回線
キメツの刃,呪術回線
キメツの刃,呪術回線
呪術回線,キメツの刃
呪術回線,キメツの刃
ヒロアカ,呪術回線
呪術回線,キメツの刃
キメツの刃,ヒロアカ
キメツの刃,呪術回線
キメツの刃,呪術回線
キメツの刃,ヒロアカ
キメツの刃,呪術回線
呪術回線,キメツの刃
キメツの刃,呪術回線
キメツの刃,呪術回線
呪術回線,ヒロアカ
キメツの刃,ヒロアカ
キメツの刃,呪術回線
キメツの刃,呪術回線
キメツの刃,呪術回線
キメツの刃,呪術回線
キメツの刃,ヒロアカ
ヒロアカ,呪術回線
キメツの刃,ヒロアカ
キメツの刃,ヒロアカ
キメツの刃,呪術回線
キメツの刃,呪術回線
キメツの刃,ヒロアカ
呪術回線,キメツの刃
呪術回線,ヒロアカ
キメツの刃,ヒロアカ
キメツの刃,呪術回線
キメツの刃,ヒロアカ
キメツの刃,ヒロアカ
キメツの刃,ヒロアカ
キメツの刃,呪術回線
キメツの刃,ヒロアカ
呪術回線,ヒロアカ
ヒロアカ,呪術回線
キメツの刃,呪術回線
キメツの刃,ヒロアカ
キメツの刃,ヒロアカ
キメツの刃,呪術回線
キメツの刃,ヒロアカ
ヒロアカ,呪術回線
キメツの刃,呪術回線
呪術回線,キメツの刃
キメツの刃,ヒロアカ
呪術回線,キメツの刃
キメツの刃,呪術回線
キメツの刃,呪術回線
呪術回線,ヒロアカ
キメツの刃,呪術回線
呪術回線,ヒロアカ
キメツの刃,ヒロアカ
キメツの刃,ヒロアカ
キメツの刃,ヒロアカ
キメツの刃,呪術回線
キメツの刃,ヒロアカ
呪術回線,キメツの刃
呪術回線,ヒロアカ
キメツの刃,呪術回線
呪術回線,ヒロアカ
キメツの刃,呪術回線
キメツの刃,ヒロアカ
呪術回線,キメツの刃
キメツの刃,呪術回線
ヒロアカ,呪術回線
キメツの刃,呪術回線
キメツの刃,呪術回線
キメツの刃,呪術回線
呪術回線,キメツの刃
キメツの刃,呪術回線
キメツの刃,呪術回線
呪術回線,ヒロアカ
キメツの刃,ヒロアカ
キメツの刃,ヒロアカ
キメツの刃,呪術回線
キメツの刃,呪術回線
キメツの刃,呪術回線
キメツの刃,呪術回線
キメツの刃,ヒロアカ
キメツの刃,呪術回線
呪術回線,ヒロアカ
呪術回線,キメツの刃
キメツの刃,呪術回線
キメツの刃,ヒロアカ
キメツの刃,ヒロアカ
キメツの刃,呪術回線
ヒロアカ,呪術回線
キメツの刃,呪術回線
呪術回線,ヒロアカ
呪術回線,ヒロアカ
ヒロアカ,キメツの刃
キメツの刃,呪術回線
ヒロアカ,キメツの刃
キメツの刃,ヒロアカ
キメツの刃,呪術回線
キメツの刃,ヒロアカ
キメツの刃,呪術回線
キメツの刃,呪術回線
キメツの刃,ヒロアカ
キメツの刃,呪術回線
キメツの刃,呪術回線
キメツの刃,呪術回線
キメツの刃,呪術回線
キメツの刃,呪術回線
キメツの刃,呪術回線
ヒロアカ,呪術回線
キメツの刃,ヒロアカ
キメツの刃,呪術回線
呪術回線,ヒロアカ
キメツの刃,ヒロアカ
キメツの刃,ヒロアカ
キメツの刃,呪術回線
ヒロアカ,呪術回線
呪術回線,キメツの刃
キメツの刃,呪術回線
ヒロアカ,呪術回線
キメツの刃,ヒロアカ
呪術回線,ヒロアカ
キメツの刃,呪術回線
キメツの刃,ヒロアカ
ヒロアカ,呪術回線
キメツの刃,呪術回線
キメツの刃,呪術回線
キメツの刃,ヒロアカ
キメツの刃,呪術回線
呪術回線,ヒロアカ
キメツの刃,ヒロアカ
キメツの刃,ヒロアカ
キメツの刃,呪術回線
キメツの刃,呪術回線
キメツの刃,呪術回線
キメツの刃,呪術回線
キメツの刃,ヒロアカ
キメツの刃,呪術回線
キメツの刃,呪術回線
キメツの刃,呪術回線
キメツの刃,呪術回線
キメツの刃,ヒロアカ
キメツの刃,ヒロアカ
キメツの刃,ヒロアカ
ヒロアカ,キメツの刃
キメツの刃,呪術回線
キメツの刃,ヒロアカ
キメツの刃,ヒロアカ
キメツの刃,ヒロアカ
呪術回線,キメツの刃
キメツの刃,呪術回線
キメツの刃,呪術回線
キメツの刃,呪術回線
キメツの刃,呪術回線
呪術回線,ヒロアカ
キメツの刃,ヒロアカ
キメツの刃,呪術回線
キメツの刃,呪術回線
呪術回線,ヒロアカ
キメツの刃,呪術回線
キメツの刃,ヒロアカ
キメツの刃,ヒロアカ
キメツの刃,呪術回線
キメツの刃,ヒロアカ
キメツの刃,ヒロアカ
キメツの刃,呪術回線
キメツの刃,呪術回線
キメツの刃,呪術回線
キメツの刃,ヒロアカ
呪術回線,キメツの刃
ヒロアカ,呪術回線
ヒロアカ,呪術回線
呪術回線,キメツの刃
キメツの刃,呪術回線
キメツの刃,呪術回線
キメツの刃,呪術回線
キメツの刃,ヒロアカ
キメツの刃,呪術回線
キメツの刃,ヒロアカ
呪術回線,ヒロアカ
キメツの刃,呪術回線
キメツの刃,呪術回線
キメツの刃,呪術回線
キメツの刃,呪術回線
キメツの刃,呪術回線
キメツの刃,呪術回線
呪術回線,ヒロアカ
キメツの刃,呪術回線
キメツの刃,呪術回線
呪術回線,ヒロアカ
ヒロアカ,呪術回線
呪術回線,ヒロアカ
ヒロアカ,呪術回線
キメツの刃,呪術回線
呪術回線,ヒロアカ
キメツの刃,ヒロアカ
キメツの刃,呪術回線
キメツの刃,呪術回線
キメツの刃,呪術回線
キメツの刃,ヒロアカ
呪術回線,キメツの刃
呪術回線,キメツの刃
キメツの刃,呪術回線
キメツの刃,呪術回線
キメツの刃,呪術回線
キメツの刃,呪術回線
キメツの刃,呪術回線
キメツの刃,ヒロアカ
キメツの刃,呪術回線
呪術回線,キメツの刃
呪術回線,キメツの刃
キメツの刃,ヒロアカ
キメツの刃,呪術回線
キメツの刃,呪術回線
キメツの刃,ヒロアカ
キメツの刃,呪術回線
呪術回線,キメツの刃
キメツの刃,ヒロアカ
呪術回線,ヒロアカ
呪術回線,キメツの刃
キメツの刃,ヒロアカ
キメツの刃,呪術回線
呪術回線,キメツの刃
呪術回線,ヒロアカ
キメツの刃,ヒロアカ
キメツの刃,呪術回線
キメツの刃,呪術回線
キメツの刃,呪術回線
キメツの刃,呪術回線
キメツの刃,ヒロアカ
ヒロアカ,呪術回線
キメツの刃,ヒロアカ
キメツの刃,呪術回線
ヒロアカ,キメツの刃
呪術回線,キメツの刃
キメツの刃,ヒロアカ
キメツの刃,呪術回線
キメツの刃,ヒロアカ
キメツの刃,ヒロアカ
キメツの刃,呪術回線
キメツの刃,呪術回線
キメツの刃,呪術回線
キメツの刃,呪術回線
キメツの刃,呪術回線
キメツの刃,呪術回線
キメツの刃,呪術回線
キメツの刃,呪術回線
キメツの刃,呪術回線
ヒロアカ,キメツの刃
呪術回線,ヒロアカ
キメツの刃,ヒロアカ
キメツの刃,ヒロアカ
キメツの刃,呪術回線
キメツの刃,ヒロアカ
キメツの刃,ヒロアカ
呪術回線,キメツの刃
キメツの刃,ヒロアカ
キメツの刃,呪術回線
キメツの刃,ヒロアカ
キメツの刃,呪術回線
キメツの刃,呪術回線
呪術回線,キメツの刃
キメツの刃,ヒロアカ
キメツの刃,呪術回線
キメツの刃,ヒロアカ
呪術回線,ヒロアカ
呪術回線,キメツの刃
ヒロアカ,呪術回線
キメツの刃,呪術回線
キメツの刃,呪術回線
キメツの刃,呪術回線
キメツの刃,ヒロアカ
キメツの刃,呪術回線
キメツの刃,呪術回線
キメツの刃,呪術回線
キメツの刃,呪術回線
キメツの刃,呪術回線
キメツの刃,呪術回線
キメツの刃,ヒロアカ
キメツの刃,ヒロアカ
キメツの刃,ヒロアカ
キメツの刃,呪術回線
キメツの刃,ヒロアカ
キメツの刃,呪術回線
キメツの刃,呪術回線
キメツの刃,ヒロアカ
キメツの刃,ヒロアカ
キメツの刃,呪術回線
キメツの刃,ヒロアカ
キメツの刃,ヒロアカ
キメツの刃,呪術回線
キメツの刃,ヒロアカ
キメツの刃,呪術回線
キメツの刃,ヒロアカ
キメツの刃,呪術回線
キメツの刃,呪術回線
キメツの刃,呪術回線
ヒロアカ,呪術回線
呪術回線,キメツの刃
キメツの刃,呪術回線
キメツの刃,呪術回線
キメツの刃,ヒロアカ
キメツの刃,呪術回線
キメツの刃,ヒロアカ
キメツの刃,呪術回線
キメツの刃,呪術回線
呪術回線,キメツの刃
呪術回線,ヒロアカ
キメツの刃,呪術回線
キメツの刃,呪術回線
キメツの刃,呪術回線
キメツの刃,ヒロアカ
呪術回線,キメツの刃
キメツの刃,ヒロアカ
呪術回線,キメツの刃
呪術回線,キメツの刃
キメツの刃,呪術回線
キメツの刃,呪術回線
キメツの刃,呪術回線
キメツの刃,呪術回線
ヒロアカ,呪術回線
ヒロアカ,呪術回線
キメツの刃,呪術回線
キメツの刃,呪術回線
キメツの刃,呪術回線
キメツの刃,ヒロアカ
キメツの刃,呪術回線
キメツの刃,呪術回線
キメツの刃,呪術回線
キメツの刃,呪術回線
キメツの刃,呪術回線
キメツの刃,呪術回線
キメツの刃,ヒロアカ
呪術回線,キメツの刃
呪術回線,ヒロアカ
キメツの刃,呪術回線
キメツの刃,ヒロアカ
キメツの刃,ヒロアカ
キメツの刃,呪術回線
ヒロアカ,呪術回線
呪術回線,キメツの刃
キメツの刃,呪術回線
キメツの刃,呪術回線
キメツの刃,呪術回線
キメツの刃,ヒロアカ
キメツの刃,呪術回線
キメツの刃,ヒロアカ
呪術回線,キメツの刃
呪術回線,ヒロアカ
呪術回線,キメツの刃
キメツの刃,呪術回線
ヒロアカ,呪術回線
キメツの刃,呪術回線
キメツの刃,ヒロアカ
ヒロアカ,キメツの刃
キメツの刃,呪術回線
キメツの刃,ヒロアカ
呪術回線,ヒロアカ
呪術回線,キメツの刃
キメツの刃,ヒロアカ
呪術回線,キメツの刃
ヒロアカ,呪術回線
キメツの刃,呪術回線
呪術回線,ヒロアカ
キメツの刃,ヒロアカ
ヒロアカ,呪術回線
キメツの刃,呪術回線
キメツの刃,呪術回線
キメツの刃,ヒロアカ
キメツの刃,ヒロアカ
キメツの刃,ヒロアカ
ヒロアカ,呪術回線
ヒロアカ,呪術回線
キメツの刃,ヒロアカ
キメツの刃,ヒロアカ
キメツの刃,呪術回線
ヒロアカ,呪術回線
キメツの刃,呪術回線
呪術回線,ヒロアカ
キメツの刃,呪術回線
キメツの刃,呪術回線
キメツの刃,呪術回線
キメツの刃,ヒロアカ
ヒロアカ,キメツの刃
キメツの刃,ヒロアカ
ヒロアカ,キメツの刃
キメツの刃,呪術回線
キメツの刃,呪術回線
キメツの刃,呪術回線
キメツの刃,呪術回線
呪術回線,ヒロアカ
ヒロアカ,呪術回線
ヒロアカ,キメツの刃
ヒロアカ,呪術回線
呪術回線,キメツの刃
キメツの刃,呪術回線
キメツの刃,ヒロアカ
ヒロアカ,呪術回線
呪術回線,ヒロアカ
呪術回線,ヒロアカ
キメツの刃,呪術回線
キメツの刃,呪術回線
キメツの刃,呪術回線
キメツの刃,呪術回線
ヒロアカ,キメツの刃
キメツの刃,ヒロアカ
呪術回線,ヒロアカ
呪術回線,ヒロアカ
キメツの刃,呪術回線
キメツの刃,ヒロアカ
キメツの刃,ヒロアカ
キメツの刃,ヒロアカ
キメツの刃,呪術回線
呪術回線,キメツの刃
キメツの刃,呪術回線
ヒロアカ,呪術回線
キメツの刃,呪術回線
キメツの刃,呪術回線
キメツの刃,呪術回線
キメツの刃,ヒロアカ
呪術回線,ヒロアカ
呪術回線,ヒロアカ
キメツの刃,呪術回線
キメツの刃,呪術回線
キメツの刃,呪術回線
キメツの刃,ヒロアカ
呪術回線,キメツの刃
ヒロアカ,呪術回線
呪術回線,キメツの刃
ヒロアカ,呪術回線
キメツの刃,呪術回線
キメツの刃,呪術回線
キメツの刃,ヒロアカ
キメツの刃,呪術回線
キメツの刃,ヒロアカ
呪術回線,キメツの刃
キメツの刃,呪術回線
キメツの刃,ヒロアカ
呪術回線,キメツの刃
キメツの刃,呪術回線
キメツの刃,呪術回線
キメツの刃,ヒロアカ
キメツの刃,呪術回線
キメツの刃,ヒロアカ
キメツの刃,呪術回線
キメツの刃,呪術回線
キメツの刃,呪術回線
キメツの刃,呪術回線
呪術回線,キメツの刃
呪術回線,ヒロアカ
呪術回線,キメツの刃
呪術回線,キメツの刃
キメツの刃,呪術回線
ヒロアカ,キメツの刃
キメツの刃,ヒロアカ
キメツの刃,呪術回線
キメツの刃,呪術回線
キメツの刃,ヒロアカ
キメツの刃,呪術回線
キメツの刃,ヒロアカ
キメツの刃,ヒロアカ
キメツの刃,呪術回線
キメツの刃,呪術回線
呪術回線,キメツの刃
呪術回線,ヒロアカ
キメツの刃,ヒロアカ
キメツの刃,呪術回線
キメツの刃,呪術回線
キメツの刃,呪術回線
キメツの刃,呪術回線
呪術回線,キメツの刃
キメツの刃,ヒロアカ
呪術回線,ヒロアカ
キメツの刃,呪術回線
キメツの刃,呪術回線
キメツの刃,呪術回線
呪術回線,ヒロアカ
キメツの刃,呪術回線
キメツの刃,ヒロアカ
キメツの刃,呪術回線
呪術回線,キメツの刃
キメツの刃,呪術回線
キメツの刃,ヒロアカ
キメツの刃,呪術回線
キメツの刃,ヒロアカ
キメツの刃,呪術回線
キメツの刃,呪術回線
キメツの刃,呪術回線
キメツの刃,呪術回線
キメツの刃,ヒロアカ
呪術回線,キメツの刃
呪術回線,ヒロアカ
キメツの刃,呪術回線
キメツの刃,ヒロアカ
キメツの刃,呪術回線
キメツの刃,呪術回線
キメツの刃,ヒロアカ
キメツの刃,ヒロアカ
呪術回線,ヒロアカ
キメツの刃,呪術回線
キメツの刃,ヒロアカ
呪術回線,キメツの刃
呪術回線,ヒロアカ
キメツの刃,呪術回線
キメツの刃,呪術回線
キメツの刃,呪術回線
呪術回線,ヒロアカ
キメツの刃,ヒロアカ
キメツの刃,ヒロアカ
呪術回線,ヒロアカ
呪術回線,ヒロアカ
呪術回線,キメツの刃
キメツの刃,呪術回線
キメツの刃,呪術回線
キメツの刃,ヒロアカ
キメツの刃,ヒロアカ
キメツの刃,ヒロアカ
キメツの刃,呪術回線
ヒロアカ,呪術回線
呪術回線,ヒロアカ
キメツの刃,呪術回線
キメツの刃,呪術回線
ヒロアカ,呪術回線
キメツの刃,呪術回線
呪術回線,キメツの刃
キメツの刃,ヒロアカ
呪術回線,ヒロアカ
キメツの刃,ヒロアカ
キメツの刃,呪術回線
キメツの刃,ヒロアカ
キメツの刃,ヒロアカ
ヒロアカ,呪術回線
キメツの刃,ヒロアカ
キメツの刃,ヒロアカ
呪術回線,ヒロアカ
キメツの刃,呪術回線
キメツの刃,ヒロアカ
呪術回線,ヒロアカ
キメツの刃,呪術回線
ヒロアカ,呪術回線
キメツの刃,ヒロアカ
キメツの刃,ヒロアカ
呪術回線,キメツの刃
ヒロアカ,呪術回線
キメツの刃,ヒロアカ
呪術回線,ヒロアカ
呪術回線,ヒロアカ
ヒロアカ,呪術回線
キメツの刃,呪術回線
キメツの刃,呪術回線
キメツの刃,呪術回線
キメツの刃,ヒロアカ
ヒロアカ,キメツの刃
キメツの刃,ヒロアカ
キメツの刃,呪術回線
キメツの刃,呪術回線
キメツの刃,ヒロアカ
キメツの刃,ヒロアカ
キメツの刃,ヒロアカ
ヒロアカ,呪術回線
キメツの刃,ヒロアカ
呪術回線,キメツの刃
キメツの刃,呪術回線
呪術回線,ヒロアカ
呪術回線,キメツの刃
キメツの刃,呪術回線
キメツの刃,ヒロアカ
キメツの刃,呪術回線
キメツの刃,呪術回線
呪術回線,ヒロアカ
呪術回線,ヒロアカ
キメツの刃,呪術回線
呪術回線,キメツの刃
呪術回線,ヒロアカ
キメツの刃,ヒロアカ
キメツの刃,呪術回線
呪術回線,ヒロアカ
呪術回線,キメツの刃
キメツの刃,呪術回線
キメツの刃,呪術回線
呪術回線,ヒロアカ
キメツの刃,呪術回線
キメツの刃,ヒロアカ
ヒロアカ,呪術回線
キメツの刃,呪術回線
キメツの刃,呪術回線
ヒロアカ,呪術回線
ヒロアカ,呪術回線
キメツの刃,呪術回線
キメツの刃,ヒロアカ
キメツの刃,呪術回線
キメツの刃,呪術回線
キメツの刃,呪術回線
キメツの刃,ヒロアカ
ヒロアカ,キメツの刃
キメツの刃,呪術回線
ヒロアカ,呪術回線
キメツの刃,呪術回線
呪術回線,ヒロアカ
呪術回線,ヒロアカ
キメツの刃,ヒロアカ
キメツの刃,呪術回線
キメツの刃,呪術回線
キメツの刃,ヒロアカ
キメツの刃,呪術回線
呪術回線,キメツの刃
キメツの刃,呪術回線
呪術回線,ヒロアカ
キメツの刃,呪術回線
キメツの刃,ヒロアカ
キメツの刃,ヒロアカ
キメツの刃,ヒロアカ
キメツの刃,呪術回線
キメツの刃,呪術回線
ヒロアカ,キメツの刃
キメツの刃,ヒロアカ
呪術回線,ヒロアカ
キメツの刃,呪術回線
キメツの刃,呪術回線
キメツの刃,ヒロアカ
キメツの刃,呪術回線
キメツの刃,ヒロアカ
キメツの刃,ヒロアカ
ヒロアカ,キメツの刃
キメツの刃,呪術回線
キメツの刃,ヒロアカ
呪術回線,ヒロアカ
キメツの刃,呪術回線
呪術回線,ヒロアカ
キメツの刃,ヒロアカ
キメツの刃,ヒロアカ
呪術回線,キメツの刃
キメツの刃,呪術回線
キメツの刃,ヒロアカ
キメツの刃,呪術回線
呪術回線,キメツの刃
キメツの刃,呪術回線
キメツの刃,呪術回線
ヒロアカ,呪術回線
呪術回線,ヒロアカ
キメツの刃,ヒロアカ
キメツの刃,ヒロアカ
キメツの刃,呪術回線
キメツの刃,ヒロアカ
呪術回線,ヒロアカ
キメツの刃,ヒロアカ
キメツの刃,呪術回線
キメツの刃,ヒロアカ
キメツの刃,ヒロアカ
キメツの刃,呪術回線
キメツの刃,呪術回線
ヒロアカ,呪術回線
呪術回線,ヒロアカ
キメツの刃,呪術回線
呪術回線,ヒロアカ
キメツの刃,呪術回線
キメツの刃,ヒロアカ
キメツの刃,呪術回線
キメツの刃,ヒロアカ
呪術回線,キメツの刃
呪術回線,キメツの刃
キメツの刃,呪術回線
キメツの刃,呪術回線
キメツの刃,呪術回線
キメツの刃,ヒロアカ
キメツの刃,呪術回線
キメツの刃,呪術回線
キメツの刃,呪術回線
ヒロアカ,呪術回線
キメツの刃,呪術回線
キメツの刃,呪術回線
ヒロアカ,呪術回線
キメツの刃,ヒロアカ
ヒロアカ,呪術回線
キメツの刃,ヒロアカ
キメツの刃,ヒロアカ
キメツの刃,呪術回線
キメツの刃,呪術回線
キメツの刃,呪術回線
キメツの刃,ヒロアカ
キメツの刃,ヒロアカ
キメツの刃,呪術回線
キメツの刃,呪術回線
呪術回線,ヒロアカ
キメツの刃,ヒロアカ
キメツの刃,呪術回線
呪術回線,ヒロアカ
キメツの刃,呪術回線
キメツの刃,ヒロアカ
呪術回線,ヒロアカ
呪術回線,ヒロアカ
キメツの刃,呪術回線
キメツの刃,呪術回線
ヒロアカ,呪術回線
キメツの刃,呪術回線
キメツの刃,ヒロアカ
呪術回線,キメツの刃
呪術回線,キメツの刃
キメツの刃,呪術回線
ヒロアカ,キメツの刃
キメツの刃,呪術回線
呪術回線,ヒロアカ
キメツの刃,呪術回線
キメツの刃,呪術回線
呪術回線,ヒロアカ
キメツの刃,ヒロアカ
キメツの刃,ヒロアカ
キメツの刃,呪術回線
キメツの刃,呪術回線
キメツの刃,ヒロアカ
キメツの刃,ヒロアカ
呪術回線,ヒロアカ
キメツの刃,呪術回線
呪術回線,キメツの刃
ヒロアカ,呪術回線
キメツの刃,呪術回線
呪術回線,ヒロアカ
ヒロアカ,呪術回線
キメツの刃,呪術回線
キメツの刃,呪術回線
呪術回線,キメツの刃
キメツの刃,呪術回線
キメツの刃,呪術回線
呪術回線,ヒロアカ
呪術回線,ヒロアカ
キメツの刃,呪術回線
キメツの刃,呪術回線
キメツの刃,呪術回線
呪術回線,キメツの刃
キメツの刃,ヒロアカ
キメツの刃,ヒロアカ
キメツの刃,呪術回線
キメツの刃,呪術回線
キメツの刃,呪術回線
呪術回線,ヒロアカ
呪術回線,キメツの刃
キメツの刃,呪術回線
呪術回線,ヒロアカ
呪術回線,ヒロアカ
キメツの刃,呪術回線
キメツの刃,呪術回線
キメツの刃,呪術回線
キメツの刃,呪術回線
キメツの刃,ヒロアカ
ヒロアカ,呪術回線
呪術回線,ヒロアカ
キメツの刃,呪術回線
キメツの刃,呪術回線
キメツの刃,ヒロアカ
呪術回線,ヒロアカ
キメツの刃,呪術回線
キメツの刃,呪術回線
ヒロアカ,呪術回線
キメツの刃,呪術回線
呪術回線,キメツの刃
キメツの刃,ヒロアカ
キメツの刃,呪術回線
呪術回線,ヒロアカ
キメツの刃,ヒロアカ
呪術回線,ヒロアカ
キメツの刃,呪術回線
呪術回線,キメツの刃
キメツの刃,呪術回線
キメツの刃,呪術回線
呪術回線,キメツの刃
キメツの刃,呪術回線
キメツの刃,呪術回線
キメツの刃,ヒロアカ
キメツの刃,呪術回線
キメツの刃,呪術回線
ヒロアカ,呪術回線
キメツの刃,ヒロアカ
キメツの刃,ヒロアカ
呪術回線,キメツの刃
キメツの刃,ヒロアカ
キメツの刃,呪術回線
キメツの刃,呪術回線
キメツの刃,ヒロアカ
キメツの刃,呪術回線
キメツの刃,ヒロアカ
キメツの刃,呪術回線
キメツの刃,呪術回線
ヒロアカ,キメツの刃
キメツの刃,ヒロアカ
ヒロアカ,呪術回線
キメツの刃,ヒロアカ
キメツの刃,呪術回線
ヒロアカ,呪術回線
キメツの刃,呪術回線
キメツの刃,ヒロアカ
呪術回線,ヒロアカ
呪術回線,キメツの刃
キメツの刃,呪術回線
ヒロアカ,呪術回線
呪術回線,ヒロアカ
キメツの刃,呪術回線
キメツの刃,呪術回線
呪術回線,キメツの刃
ヒロアカ,呪術回線
呪術回線,ヒロアカ
呪術回線,ヒロアカ
キメツの刃,呪術回線
キメツの刃,呪術回線
キメツの刃,呪術回線
キメツの刃,ヒロアカ
呪術回線,ヒロアカ
キメツの刃,呪術回線
キメツの刃,呪術回線
キメツの刃,呪術回線
呪術回線,ヒロアカ
キメツの刃,ヒロアカ
呪術回線,ヒロアカ
キメツの刃,呪術回線
キメツの刃,ヒロアカ
キメツの刃,ヒロアカ
キメツの刃,呪術回線
呪術回線,ヒロアカ
呪術回線,ヒロアカ
ヒロアカ,呪術回線
キメツの刃,呪術回線
キメツの刃,ヒロアカ
キメツの刃,ヒロアカ
呪術回線,キメツの刃
キメツの刃,ヒロアカ
ヒロアカ,呪術回線
呪術回線,キメツの刃
呪術回線,ヒロアカ
キメツの刃,呪術回線
キメツの刃,呪術回線
キメツの刃,呪術回線
キメツの刃,ヒロアカ
キメツの刃,呪術回線
呪術回線,ヒロアカ
キメツの刃,呪術回線
キメツの刃,ヒロアカ
キメツの刃,呪術回線
キメツの刃,ヒロアカ
キメツの刃,呪術回線
キメツの刃,ヒロアカ
キメツの刃,呪術回線
キメツの刃,呪術回線
キメツの刃,呪術回線
ヒロアカ,呪術回線
キメツの刃,ヒロアカ
キメツの刃,ヒロアカ
キメツの刃,呪術回線
キメツの刃,ヒロアカ
キメツの刃,ヒロアカ
ヒロアカ,呪術回線
呪術回線,キメツの刃
キメツの刃,ヒロアカ
キメツの刃,呪術回線
キメツの刃,呪術回線
キメツの刃,呪術回線
呪術回線,ヒロアカ
キメツの刃,ヒロアカ
呪術回線,ヒロアカ
キメツの刃,呪術回線
キメツの刃,ヒロアカ
キメツの刃,呪術回線
キメツの刃,呪術回線
キメツの刃,呪術回線
キメツの刃,呪術回線
キメツの刃,呪術回線
キメツの刃,ヒロアカ
キメツの刃,呪術回線
キメツの刃,ヒロアカ
キメツの刃,呪術回線
呪術回線,ヒロアカ
キメツの刃,ヒロアカ
キメツの刃,ヒロアカ
キメツの刃,ヒロアカ
ヒロアカ,呪術回線
キメツの刃,呪術回線
キメツの刃,ヒロアカ
キメツの刃,呪術回線
呪術回線,キメツの刃
呪術回線,ヒロアカ
キメツの刃,呪術回線
キメツの刃,呪術回線
キメツの刃,ヒロアカ
キメツの刃,呪術回線
ヒロアカ,キメツの刃
呪術回線,ヒロアカ
キメツの刃,ヒロアカ
キメツの刃,呪術回線
呪術回線,ヒロアカ
キメツの刃,ヒロアカ
キメツの刃,呪術回線
呪術回線,ヒロアカ
ヒロアカ,呪術回線
キメツの刃,ヒロアカ
キメツの刃,呪術回線
呪術回線,キメツの刃
呪術回線,キメツの刃
キメツの刃,呪術回線
キメツの刃,呪術回線
ヒロアカ,キメツの刃
呪術回線,キメツの刃
キメツの刃,呪術回線
キメツの刃,ヒロアカ
キメツの刃,ヒロアカ
ヒロアカ,呪術回線
呪術回線,ヒロアカ
キメツの刃,呪術回線
呪術回線,ヒロアカ
キメツの刃,呪術回線
キメツの刃,呪術回線
キメツの刃,呪術回線
呪術回線,ヒロアカ
キメツの刃,ヒロアカ
キメツの刃,呪術回線
キメツの刃,ヒロアカ
キメツの刃,ヒロアカ
ヒロアカ,呪術回線
キメツの刃,呪術回線
キメツの刃,ヒロアカ
キメツの刃,ヒロアカ
ヒロアカ,呪術回線
キメツの刃,呪術回線
キメツの刃,ヒロアカ
ヒロアカ,キメツの刃
呪術回線,ヒロアカ
キメツの刃,呪術回線
キメツの刃,ヒロアカ
呪術回線,ヒロアカ
キメツの刃,呪術回線
キメツの刃,ヒロアカ
呪術回線,ヒロアカ
ヒロアカ,呪術回線
キメツの刃,ヒロアカ
キメツの刃,ヒロアカ
キメツの刃,ヒロアカ
キメツの刃,ヒロアカ
呪術回線,キメツの刃
キメツの刃,ヒロアカ
キメツの刃,呪術回線
キメツの刃,ヒロアカ
キメツの刃,呪術回線
キメツの刃,呪術回線
キメツの刃,呪術回線
キメツの刃,呪術回線
呪術回線,ヒロアカ
キメツの刃,呪術回線
キメツの刃,呪術回線
ヒロアカ,呪術回線
ヒロアカ,呪術回線
キメツの刃,呪術回線
キメツの刃,呪術回線
呪術回線,ヒロアカ
キメツの刃,ヒロアカ
呪術回線,ヒロアカ
キメツの刃,呪術回線
キメツの刃,呪術回線
キメツの刃,ヒロアカ
キメツの刃,ヒロアカ
呪術回線,キメツの刃
キメツの刃,ヒロアカ
呪術回線,キメツの刃
キメツの刃,呪術回線
呪術回線,キメツの刃
キメツの刃,ヒロアカ
呪術回線,キメツの刃
キメツの刃,呪術回線
キメツの刃,呪術回線
キメツの刃,ヒロアカ
キメツの刃,呪術回線
キメツの刃,呪術回線
キメツの刃,ヒロアカ
キメツの刃,呪術回線
キメツの刃,呪術回線
ヒロアカ,呪術回線
キメツの刃,呪術回線
キメツの刃,呪術回線
キメツの刃,呪術回線
呪術回線,キメツの刃
呪術回線,ヒロアカ
キメツの刃,呪術回線
キメツの刃,呪術回線
ヒロアカ,呪術回線
キメツの刃,呪術回線
呪術回線,キメツの刃
キメツの刃,呪術回線
キメツの刃,ヒロアカ
キメツの刃,ヒロアカ
キメツの刃,ヒロアカ
キメツの刃,呪術回線
キメツの刃,呪術回線
呪術回線,ヒロアカ
呪術回線,ヒロアカ
キメツの刃,呪術回線
ヒロアカ,呪術回線
キメツの刃,呪術回線
ヒロアカ,呪術回線
ヒロアカ,呪術回線
キメツの刃,ヒロアカ
キメツの刃,呪術回線
呪術回線,キメツの刃
呪術回線,キメツの刃
キメツの刃,ヒロアカ
キメツの刃,呪術回線
ヒロアカ,呪術回線
キメツの刃,呪術回線
キメツの刃,ヒロアカ
キメツの刃,呪術回線
キメツの刃,呪術回線
キメツの刃,呪術回線
キメツの刃,ヒロアカ
キメツの刃,呪術回線
呪術回線,キメツの刃
キメツの刃,ヒロアカ
キメツの刃,ヒロアカ
呪術回線,ヒロアカ
キメツの刃,ヒロアカ
キメツの刃,呪術回線
呪術回線,ヒロアカ
ヒロアカ,呪術回線
キメツの刃,呪術回線
キメツの刃,ヒロアカ
呪術回線,ヒロアカ
キメツの刃,呪術回線
呪術回線,キメツの刃
キメツの刃,呪術回線
呪術回線,キメツの刃
呪術回線,ヒロアカ
呪術回線,ヒロアカ
キメツの刃,ヒロアカ
呪術回線,キメツの刃
キメツの刃,呪術回線
キメツの刃,呪術回線
呪術回線,ヒロアカ
キメツの刃,ヒロアカ
呪術回線,キメツの刃
ヒロアカ,呪術回線
キメツの刃,ヒロアカ
キメツの刃,呪術回線
キメツの刃,ヒロアカ
キメツの刃,呪術回線
キメツの刃,ヒロアカ
呪術回線,ヒロアカ
キメツの刃,ヒロアカ
キメツの刃,呪術回線
キメツの刃,ヒロアカ
呪術回線,ヒロアカ
キメツの刃,呪術回線
ヒロアカ,キメツの刃
呪術回線,ヒロアカ
キメツの刃,呪術回線
キメツの刃,ヒロアカ
ヒロアカ,呪術回線
キメツの刃,ヒロアカ
キメツの刃,呪術回線
呪術回線,ヒロアカ
ヒロアカ,呪術回線
キメツの刃,ヒロアカ
呪術回線,キメツの刃
呪術回線,キメツの刃
キメツの刃,呪術回線
呪術回線,キメツの刃
呪術回線,ヒロアカ
呪術回線,キメツの刃
キメツの刃,呪術回線
ヒロアカ,呪術回線
キメツの刃,呪術回線
キメツの刃,呪術回線
キメツの刃,呪術回線
キメツの刃,呪術回線
キメツの刃,ヒロアカ
キメツの刃,呪術回線
キメツの刃,呪術回線
キメツの刃,ヒロアカ
キメツの刃,ヒロアカ
キメツの刃,呪術回線
キメツの刃,呪術回線
キメツの刃,ヒロアカ
キメツの刃,ヒロアカ
キメツの刃,呪術回線
呪術回線,キメツの刃
ヒロアカ,呪術回線
キメツの刃,ヒロアカ
呪術回線,ヒロアカ
キメツの刃,ヒロアカ
キメツの刃,ヒロアカ
キメツの刃,呪術回線
キメツの刃,呪術回線
キメツの刃,ヒロアカ
呪術回線,ヒロアカ
キメツの刃,ヒロアカ
呪術回線,キメツの刃
呪術回線,ヒロアカ
キメツの刃,ヒロアカ
キメツの刃,ヒロアカ
呪術回線,ヒロアカ
キメツの刃,呪術回線
キメツの刃,呪術回線
キメツの刃,呪術回線
キメツの刃,呪術回線
キメツの刃,呪術回線
キメツの刃,呪術回線
キメツの刃,呪術回線
キメツの刃,ヒロアカ
キメツの刃,呪術回線
キメツの刃,ヒロアカ
キメツの刃,ヒロアカ
キメツの刃,呪術回線
キメツの刃,呪術回線
キメツの刃,呪術回線
キメツの刃,ヒロアカ
呪術回線,キメツの刃
キメツの刃,呪術回線
呪術回線,キメツの刃
呪術回線,キメツの刃
ヒロアカ,呪術回線
キメツの刃,ヒロアカ
キメツの刃,ヒロアカ
キメツの刃,ヒロアカ
呪術回線,ヒロアカ
キメツの刃,呪術回線
キメツの刃,ヒロアカ
キメツの刃,呪術回線
キメツの刃,呪術回線
ヒロアカ,キメツの刃
呪術回線,ヒロアカ
ヒロアカ,呪術回線
キメツの刃,ヒロアカ
キメツの刃,ヒロアカ
キメツの刃,呪術回線
キメツの刃,呪術回線
キメツの刃,ヒロアカ
呪術回線,キメツの刃
キメツの刃,呪術回線
キメツの刃,呪術回線
キメツの刃,呪術回線
キメツの刃,呪術回線
呪術回線,キメツの刃
キメツの刃,呪術回線
キメツの刃,呪術回線
呪術回線,ヒロアカ
キメツの刃,呪術回線
キメツの刃,ヒロアカ
キメツの刃,呪術回線
呪術回線,キメツの刃
キメツの刃,呪術回線
キメツの刃,ヒロアカ
キメツの刃,呪術回線
キメツの刃,呪術回線
ヒロアカ,呪術回線
キメツの刃,ヒロアカ
呪術回線,ヒロアカ
キメツの刃,ヒロアカ
キメツの刃,呪術回線
キメツの刃,ヒロアカ
ヒロアカ,呪術回線
キメツの刃,ヒロアカ
キメツの刃,呪術回線
キメツの刃,呪術回線
キメツの刃,呪術回線
キメツの刃,ヒロアカ
キメツの刃,ヒロアカ
キメツの刃,ヒロアカ
ヒロアカ,呪術回線
呪術回線,ヒロアカ
キメツの刃,呪術回線
呪術回線,ヒロアカ
ヒロアカ,キメツの刃
呪術回線,キメツの刃
キメツの刃,呪術回線
呪術回線,ヒロアカ
キメツの刃,呪術回線
キメツの刃,ヒロアカ
キメツの刃,ヒロアカ
キメツの刃,呪術回線
キメツの刃,呪術回線
キメツの刃,ヒロアカ
ヒロアカ,呪術回線
キメツの刃,ヒロアカ
キメツの刃,呪術回線
呪術回線,キメツの刃
キメツの刃,呪術回線
キメツの刃,ヒロアカ
キメツの刃,ヒロアカ
キメツの刃,呪術回線
キメツの刃,呪術回線
キメツの刃,呪術回線
呪術回線,ヒロアカ
キメツの刃,呪術回線
呪術回線,ヒロアカ
キメツの刃,ヒロアカ
ヒロアカ,呪術回線
キメツの刃,呪術回線
キメツの刃,呪術回線
キメツの刃,呪術回線
キメツの刃,ヒロアカ
キメツの刃,呪術回線
キメツの刃,ヒロアカ
キメツの刃,ヒロアカ
呪術回線,ヒロアカ
キメツの刃,呪術回線
キメツの刃,ヒロアカ
キメツの刃,ヒロアカ
キメツの刃,ヒロアカ
キメツの刃,ヒロアカ
呪術回線,キメツの刃
キメツの刃,ヒロアカ
キメツの刃,ヒロアカ
呪術回線,キメツの刃
キメツの刃,呪術回線
呪術回線,キメツの刃
呪術回線,ヒロアカ
キメツの刃,呪術回線
キメツの刃,呪術回線
キメツの刃,ヒロアカ
ヒロアカ,呪術回線
キメツの刃,ヒロアカ
キメツの刃,呪術回線
ヒロアカ,呪術回線
キメツの刃,ヒロアカ
キメツの刃,呪術回線
キメツの刃,呪術回線
キメツの刃,ヒロアカ
キメツの刃,ヒロアカ
ヒロアカ,キメツの刃
ヒロアカ,呪術回線
キメツの刃,ヒロアカ
キメツの刃,ヒロアカ
キメツの刃,ヒロアカ
キメツの刃,ヒロアカ
キメツの刃,呪術回線
キメツの刃,呪術回線
キメツの刃,呪術回線
キメツの刃,ヒロアカ
呪術回線,キメツの刃
キメツの刃,呪術回線
呪術回線,ヒロアカ
キメツの刃,呪術回線
呪術回線,キメツの刃
キメツの刃,呪術回線
キメツの刃,呪術回線
キメツの刃,呪術回線
キメツの刃,ヒロアカ
キメツの刃,呪術回線
キメツの刃,ヒロアカ
キメツの刃,呪術回線
キメツの刃,ヒロアカ
キメツの刃,ヒロアカ
呪術回線,ヒロアカ
呪術回線,ヒロアカ
キメツの刃,ヒロアカ
キメツの刃,ヒロアカ
キメツの刃,呪術回線
キメツの刃,ヒロアカ
キメツの刃,ヒロアカ
キメツの刃,ヒロアカ
キメツの刃,呪術回線
ヒロアカ,呪術回線
呪術回線,キメツの刃
呪術回線,キメツの刃
キメツの刃,ヒロアカ
キメツの刃,ヒロアカ
キメツの刃,呪術回線
キメツの刃,呪術回線
キメツの刃,呪術回線
キメツの刃,呪術回線
キメツの刃,呪術回線
呪術回線,ヒロアカ
キメツの刃,ヒロアカ
キメツの刃,呪術回線
キメツの刃,呪術回線
呪術回線,ヒロアカ
キメツの刃,呪術回線
キメツの刃,呪術回線
キメツの刃,呪術回線
ヒロアカ,呪術回線
キメツの刃,ヒロアカ
キメツの刃,ヒロアカ
キメツの刃,呪術回線
キメツの刃,呪術回線
キメツの刃,ヒロアカ
キメツの刃,呪術回線
呪術回線,キメツの刃
キメツの刃,呪術回線
キメツの刃,ヒロアカ
キメツの刃,呪術回線
キメツの刃,呪術回線
キメツの刃,ヒロアカ
キメツの刃,呪術回線
呪術回線,キメツの刃
キメツの刃,ヒロアカ
キメツの刃,ヒロアカ
呪術回線,キメツの刃
キメツの刃,ヒロアカ
キメツの刃,ヒロアカ
ヒロアカ,呪術回線
キメツの刃,呪術回線
呪術回線,キメツの刃
呪術回線,ヒロアカ
キメツの刃,ヒロアカ
呪術回線,ヒロアカ
キメツの刃,呪術回線
キメツの刃,呪術回線
呪術回線,ヒロアカ
ヒロアカ,呪術回線
ヒロアカ,呪術回線
キメツの刃,ヒロアカ
キメツの刃,ヒロアカ
キメツの刃,呪術回線
キメツの刃,ヒロアカ
キメツの刃,ヒロアカ
呪術回線,ヒロアカ
キメツの刃,呪術回線
キメツの刃,呪術回線
キメツの刃,呪術回線
キメツの刃,呪術回線
キメツの刃,ヒロアカ
キメツの刃,ヒロアカ
キメツの刃,ヒロアカ
呪術回線,ヒロアカ
キメツの刃,呪術回線
キメツの刃,呪術回線
キメツの刃,呪術回線
キメツの刃,ヒロアカ
キメツの刃,ヒロアカ
キメツの刃,ヒロアカ
キメツの刃,呪術回線
キメツの刃,ヒロアカ
呪術回線,ヒロアカ
キメツの刃,ヒロアカ
キメツの刃,呪術回線
キメツの刃,呪術回線
ヒロアカ,呪術回線
キメツの刃,呪術回線
キメツの刃,呪術回線
呪術回線,ヒロアカ
ヒロアカ,呪術回線
呪術回線,ヒロアカ
ヒロアカ,呪術回線
キメツの刃,呪術回線
キメツの刃,呪術回線
キメツの刃,呪術回線
キメツの刃,ヒロアカ
キメツの刃,呪術回線
キメツの刃,呪術回線
キメツの刃,ヒロアカ
キメツの刃,ヒロアカ
キメツの刃,呪術回線
キメツの刃,ヒロアカ
キメツの刃,呪術回線
キメツの刃,呪術回線
キメツの刃,呪術回線
キメツの刃,ヒロアカ
キメツの刃,呪術回線
キメツの刃,呪術回線
キメツの刃,呪術回線
キメツの刃,呪術回線
キメツの刃,ヒロアカ
キメツの刃,呪術回線
キメツの刃,呪術回線
キメツの刃,呪術回線
キメツの刃,呪術回線
キメツの刃,ヒロアカ
キメツの刃,ヒロアカ
キメツの刃,呪術回線
キメツの刃,ヒロアカ
ヒロアカ,呪術回線
キメツの刃,ヒロアカ
キメツの刃,呪術回線
キメツの刃,呪術回線
ヒロアカ,呪術回線
キメツの刃,呪術回線
呪術回線,キメツの刃
ヒロアカ,キメツの刃
キメツの刃,呪術回線
ヒロアカ,呪術回線
キメツの刃,呪術回線
呪術回線,キメツの刃
キメツの刃,ヒロアカ
キメツの刃,ヒロアカ
キメツの刃,呪術回線
呪術回線,キメツの刃
呪術回線,ヒロアカ
キメツの刃,呪術回線
呪術回線,キメツの刃
キメツの刃,呪術回線
キメツの刃,呪術回線
キメツの刃,ヒロアカ
ヒロアカ,呪術回線
キメツの刃,呪術回線
呪術回線,ヒロアカ
キメツの刃,呪術回線
キメツの刃,ヒロアカ
ヒロアカ,キメツの刃
キメツの刃,ヒロアカ
キメツの刃,呪術回線
キメツの刃,呪術回線
キメツの刃,ヒロアカ
キメツの刃,呪術回線
キメツの刃,ヒロアカ
キメツの刃,ヒロアカ
呪術回線,ヒロアカ
キメツの刃,呪術回線
キメツの刃,呪術回線
キメツの刃,呪術回線
キメツの刃,ヒロアカ
ヒロアカ,呪術回線
キメツの刃,呪術回線
キメツの刃,呪術回線
キメツの刃,ヒロアカ
キメツの刃,呪術回線
ヒロアカ,呪術回線
キメツの刃,ヒロアカ
キメツの刃,呪術回線
呪術回線,キメツの刃
キメツの刃,ヒロアカ
キメツの刃,呪術回線
呪術回線,ヒロアカ
キメツの刃,ヒロアカ
キメツの刃,ヒロアカ
呪術回線,ヒロアカ
呪術回線,ヒロアカ
キメツの刃,呪術回線
キメツの刃,呪術回線
キメツの刃,ヒロアカ
キメツの刃,呪術回線
ヒロアカ,呪術回線
キメツの刃,呪術回線
キメツの刃,呪術回線
呪術回線,ヒロアカ
キメツの刃,ヒロアカ
キメツの刃,呪術回線
ヒロアカ,呪術回線
ヒロアカ,キメツの刃
キメツの刃,呪術回線
キメツの刃,呪術回線
キメツの刃,ヒロアカ
キメツの刃,呪術回線
キメツの刃,呪術回線
キメツの刃,ヒロアカ
キメツの刃,呪術回線
キメツの刃,呪術回線
キメツの刃,呪術回線
キメツの刃,呪術回線
ヒロアカ,呪術回線
キメツの刃,呪術回線
キメツの刃,呪術回線
キメツの刃,ヒロアカ
キメツの刃,ヒロアカ
キメツの刃,呪術回線
キメツの刃,呪術回線
キメツの刃,ヒロアカ
キメツの刃,呪術回線
キメツの刃,呪術回線
キメツの刃,呪術回線
キメツの刃,呪術回線
キメツの刃,ヒロアカ
キメツの刃,ヒロアカ
キメツの刃,呪術回線
キメツの刃,ヒロアカ
キメツの刃,ヒロアカ
キメツの刃,ヒロアカ
キメツの刃,ヒロアカ
キメツの刃,ヒロアカ
キメツの刃,ヒロアカ
キメツの刃,呪術回線
キメツの刃,呪術回線
キメツの刃,呪術回線
呪術回線,ヒロアカ
キメツの刃,呪術回線
キメツの刃,ヒロアカ
キメツの刃,呪術回線
キメツの刃,呪術回線
キメツの刃,ヒロアカ
ヒロアカ,呪術回線
キメツの刃,呪術回線
キメツの刃,ヒロアカ
呪術回線,ヒロアカ
キメツの刃,ヒロアカ
キメツの刃,呪術回線
呪術回線,キメツの刃
キメツの刃,ヒロアカ
ヒロアカ,キメツの刃
キメツの刃,ヒロアカ
キメツの刃,呪術回線
キメツの刃,呪術回線
キメツの刃,呪術回線
キメツの刃,ヒロアカ
キメツの刃,呪術回線
キメツの刃,ヒロアカ
キメツの刃,呪術回線
呪術回線,ヒロアカ
キメツの刃,呪術回線
呪術回線,キメツの刃
キメツの刃,呪術回線
キメツの刃,呪術回線
呪術回線,キメツの刃
ヒロアカ,呪術回線
キメツの刃,呪術回線
ヒロアカ,呪術回線
キメツの刃,呪術回線
キメツの刃,ヒロアカ
キメツの刃,ヒロアカ
ヒロアカ,呪術回線
キメツの刃,呪術回線
キメツの刃,呪術回線
キメツの刃,呪術回線
呪術回線,ヒロアカ
キメツの刃,ヒロアカ
キメツの刃,呪術回線
キメツの刃,呪術回線
ヒロアカ,キメツの刃
キメツの刃,呪術回線
キメツの刃,ヒロアカ
キメツの刃,ヒロアカ
キメツの刃,ヒロアカ
キメツの刃,呪術回線
呪術回線,ヒロアカ
キメツの刃,ヒロアカ
キメツの刃,呪術回線
呪術回線,ヒロアカ
呪術回線,ヒロアカ
キメツの刃,ヒロアカ
キメツの刃,呪術回線
キメツの刃,呪術回線
キメツの刃,ヒロアカ
キメツの刃,ヒロアカ
キメツの刃,呪術回線
キメツの刃,呪術回線
ヒロアカ,呪術回線
キメツの刃,呪術回線
呪術回線,キメツの刃
キメツの刃,呪術回線
キメツの刃,呪術回線
キメツの刃,呪術回線
呪術回線,ヒロアカ
呪術回線,ヒロアカ
呪術回線,キメツの刃
呪術回線,キメツの刃
キメツの刃,ヒロアカ
ヒロアカ,キメツの刃
キメツの刃,ヒロアカ
呪術回線,キメツの刃
キメツの刃,呪術回線
キメツの刃,呪術回線
キメツの刃,ヒロアカ
キメツの刃,ヒロアカ
キメツの刃,呪術回線
キメツの刃,呪術回線
呪術回線,ヒロアカ
呪術回線,ヒロアカ
キメツの刃,ヒロアカ
キメツの刃,ヒロアカ
キメツの刃,呪術回線
キメツの刃,呪術回線
キメツの刃,ヒロアカ
キメツの刃,呪術回線
キメツの刃,呪術回線
ヒロアカ,キメツの刃
キメツの刃,呪術回線
呪術回線,ヒロアカ
ヒロアカ,呪術回線
キメツの刃,呪術回線
キメツの刃,呪術回線
キメツの刃,呪術回線
キメツの刃,呪術回線
キメツの刃,呪術回線
呪術回線,ヒロアカ
キメツの刃,呪術回線
キメツの刃,呪術回線
キメツの刃,呪術回線
キメツの刃,ヒロアカ
呪術回線,ヒロアカ
ヒロアカ,キメツの刃
ヒロアカ,キメツの刃
キメツの刃,ヒロアカ
呪術回線,キメツの刃
キメツの刃,呪術回線
呪術回線,ヒロアカ
呪術回線,キメツの刃
キメツの刃,呪術回線
キメツの刃,呪術回線
キメツの刃,ヒロアカ
キメツの刃,ヒロアカ
キメツの刃,呪術回線
呪術回線,ヒロアカ
呪術回線,ヒロアカ
キメツの刃,呪術回線
キメツの刃,呪術回線
キメツの刃,ヒロアカ
呪術回線,ヒロアカ
キメツの刃,呪術回線
キメツの刃,ヒロアカ
キメツの刃,呪術回線
呪術回線,ヒロアカ
呪術回線,キメツの刃
呪術回線,キメツの刃
キメツの刃,呪術回線
キメツの刃,呪術回線
キメツの刃,呪術回線
キメツの刃,呪術回線
呪術回線,キメツの刃
キメツの刃,呪術回線
キメツの刃,ヒロアカ
キメツの刃,呪術回線
キメツの刃,呪術回線
呪術回線,ヒロアカ
キメツの刃,ヒロアカ
キメツの刃,呪術回線
キメツの刃,呪術回線
キメツの刃,ヒロアカ
ヒロアカ,呪術回線
キメツの刃,ヒロアカ
呪術回線,キメツの刃
呪術回線,キメツの刃
呪術回線,ヒロアカ
ヒロアカ,呪術回線
呪術回線,ヒロアカ
キメツの刃,呪術回線
キメツの刃,呪術回線
キメツの刃,呪術回線
キメツの刃,呪術回線
呪術回線,キメツの刃
呪術回線,キメツの刃
キメツの刃,呪術回線
呪術回線,ヒロアカ
ヒロアカ,呪術回線
キメツの刃,ヒロアカ
キメツの刃,呪術回線
キメツの刃,呪術回線
キメツの刃,呪術回線
キメツの刃,呪術回線
キメツの刃,ヒロアカ
キメツの刃,ヒロアカ
キメツの刃,呪術回線
キメツの刃,ヒロアカ
キメツの刃,ヒロアカ
ヒロアカ,呪術回線
キメツの刃,ヒロアカ
キメツの刃,ヒロアカ
キメツの刃,呪術回線
キメツの刃,呪術回線
キメツの刃,ヒロアカ
呪術回線,ヒロアカ
キメツの刃,呪術回線
キメツの刃,呪術回線
キメツの刃,呪術回線
呪術回線,ヒロアカ
ヒロアカ,キメツの刃
ヒロアカ,呪術回線
ヒロアカ,キメツの刃
キメツの刃,ヒロアカ
呪術回線,キメツの刃
呪術回線,ヒロアカ
キメツの刃,ヒロアカ
キメツの刃,呪術回線
キメツの刃,呪術回線
呪術回線,キメツの刃
ヒロアカ,呪術回線
キメツの刃,ヒロアカ
キメツの刃,ヒロアカ
キメツの刃,呪術回線
キメツの刃,呪術回線
呪術回線,ヒロアカ
キメツの刃,ヒロアカ
キメツの刃,呪術回線
キメツの刃,呪術回線
キメツの刃,呪術回線
呪術回線,ヒロアカ
キメツの刃,ヒロアカ
呪術回線,ヒロアカ
キメツの刃,ヒロアカ
キメツの刃,呪術回線
キメツの刃,呪術回線
キメツの刃,呪術回線
ヒロアカ,呪術回線
キメツの刃,呪術回線
キメツの刃,呪術回線
キメツの刃,ヒロアカ
呪術回線,ヒロアカ
キメツの刃,呪術回線
キメツの刃,呪術回線
キメツの刃,呪術回線
呪術回線,ヒロアカ
キメツの刃,呪術回線
キメツの刃,呪術回線
呪術回線,ヒロアカ
呪術回線,キメツの刃
キメツの刃,ヒロアカ
呪術回線,ヒロアカ
呪術回線,ヒロアカ
呪術回線,キメツの刃
ヒロアカ,呪術回線
キメツの刃,呪術回線
キメツの刃,呪術回線
呪術回線,ヒロアカ
キメツの刃,ヒロアカ
キメツの刃,呪術回線
呪術回線,ヒロアカ
呪術回線,ヒロアカ
呪術回線,ヒロアカ
キメツの刃,呪術回線
キメツの刃,呪術回線
呪術回線,キメツの刃
呪術回線,キメツの刃
キメツの刃,ヒロアカ
キメツの刃,呪術回線
キメツの刃,呪術回線
キメツの刃,ヒロアカ
ヒロアカ,呪術回線
呪術回線,キメツの刃
呪術回線,キメツの刃
キメツの刃,ヒロアカ
キメツの刃,呪術回線
キメツの刃,ヒロアカ
キメツの刃,呪術回線
キメツの刃,呪術回線
キメツの刃,呪術回線
キメツの刃,呪術回線
呪術回線,ヒロアカ
ヒロアカ,呪術回線
キメツの刃,呪術回線
ヒロアカ,呪術回線
キメツの刃,呪術回線
キメツの刃,ヒロアカ
キメツの刃,ヒロアカ
キメツの刃,ヒロアカ
キメツの刃,ヒロアカ
キメツの刃,呪術回線
呪術回線,キメツの刃
キメツの刃,呪術回線
キメツの刃,呪術回線
キメツの刃,呪術回線
キメツの刃,ヒロアカ
キメツの刃,呪術回線
ヒロアカ,呪術回線
キメツの刃,呪術回線
キメツの刃,ヒロアカ
キメツの刃,呪術回線
キメツの刃,ヒロアカ
呪術回線,ヒロアカ
キメツの刃,呪術回線
ヒロアカ,キメツの刃
ヒロアカ,呪術回線
キメツの刃,呪術回線
呪術回線,ヒロアカ
呪術回線,ヒロアカ
ヒロアカ,呪術回線
キメツの刃,ヒロアカ
キメツの刃,ヒロアカ
キメツの刃,呪術回線
キメツの刃,呪術回線
呪術回線,キメツの刃
キメツの刃,ヒロアカ
キメツの刃,呪術回線
キメツの刃,呪術回線
ヒロアカ,呪術回線
呪術回線,キメツの刃
ヒロアカ,呪術回線
キメツの刃,呪術回線
キメツの刃,呪術回線
キメツの刃,呪術回線
キメツの刃,ヒロアカ
キメツの刃,呪術回線
キメツの刃,呪術回線
呪術回線,キメツの刃
キメツの刃,呪術回線
キメツの刃,ヒロアカ
キメツの刃,ヒロアカ
キメツの刃,呪術回線
キメツの刃,呪術回線
ヒロアカ,呪術回線
呪術回線,ヒロアカ
呪術回線,ヒロアカ
ヒロアカ,呪術回線
呪術回線,ヒロアカ
呪術回線,キメツの刃
キメツの刃,呪術回線
キメツの刃,ヒロアカ
キメツの刃,呪術回線
キメツの刃,呪術回線
キメツの刃,ヒロアカ
キメツの刃,呪術回線
ヒロアカ,呪術回線
キメツの刃,呪術回線
呪術回線,ヒロアカ
キメツの刃,ヒロアカ
ヒロアカ,呪術回線
呪術回線,ヒロアカ
キメツの刃,呪術回線
キメツの刃,呪術回線
キメツの刃,呪術回線
キメツの刃,呪術回線
キメツの刃,呪術回線
キメツの刃,呪術回線
ヒロアカ,呪術回線
ヒロアカ,呪術回線
キメツの刃,ヒロアカ
呪術回線,キメツの刃
キメツの刃,呪術回線
キメツの刃,呪術回線
ヒロアカ,呪術回線
キメツの刃,ヒロアカ
ヒロアカ,呪術回線
ヒロアカ,キメツの刃
キメツの刃,呪術回線
キメツの刃,ヒロアカ
キメツの刃,呪術回線
キメツの刃,呪術回線
キメツの刃,ヒロアカ
キメツの刃,呪術回線
キメツの刃,呪術回線
キメツの刃,呪術回線
キメツの刃,呪術回線
キメツの刃,ヒロアカ
キメツの刃,呪術回線
キメツの刃,呪術回線
キメツの刃,呪術回線
キメツの刃,呪術回線
キメツの刃,ヒロアカ
ヒロアカ,キメツの刃
キメツの刃,ヒロアカ
キメツの刃,呪術回線
キメツの刃,呪術回線
キメツの刃,呪術回線
キメツの刃,呪術回線
キメツの刃,呪術回線
呪術回線,キメツの刃
呪術回線,ヒロアカ
呪術回線,ヒロアカ
キメツの刃,呪術回線
呪術回線,キメツの刃
ヒロアカ,キメツの刃
キメツの刃,呪術回線
キメツの刃,ヒロアカ
キメツの刃,ヒロアカ
キメツの刃,呪術回線
キメツの刃,呪術回線
キメツの刃,ヒロアカ
キメツの刃,呪術回線
呪術回線,ヒロアカ
キメツの刃,呪術回線
キメツの刃,ヒロアカ
キメツの刃,呪術回線
キメツの刃,ヒロアカ
呪術回線,キメツの刃
キメツの刃,呪術回線
呪術回線,キメツの刃
キメツの刃,呪術回線
キメツの刃,ヒロアカ
キメツの刃,ヒロアカ
呪術回線,ヒロアカ
キメツの刃,ヒロアカ
呪術回線,キメツの刃
呪術回線,ヒロアカ
呪術回線,ヒロアカ
キメツの刃,呪術回線
キメツの刃,呪術回線
キメツの刃,呪術回線
呪術回線,キメツの刃
キメツの刃,呪術回線
ヒロアカ,呪術回線
キメツの刃,呪術回線
キメツの刃,呪術回線
キメツの刃,ヒロアカ
キメツの刃,呪術回線
キメツの刃,呪術回線
キメツの刃,呪術回線
ヒロアカ,呪術回線
キメツの刃,ヒロアカ
キメツの刃,ヒロアカ
キメツの刃,呪術回線
呪術回線,ヒロアカ
キメツの刃,呪術回線
呪術回線,ヒロアカ
キメツの刃,ヒロアカ
キメツの刃,呪術回線
キメツの刃,ヒロアカ
キメツの刃,ヒロアカ
キメツの刃,ヒロアカ
キメツの刃,ヒロアカ
キメツの刃,呪術回線
キメツの刃,ヒロアカ
キメツの刃,呪術回線
キメツの刃,呪術回線
キメツの刃,ヒロアカ
キメツの刃,ヒロアカ
呪術回線,ヒロアカ
呪術回線,ヒロアカ
キメツの刃,ヒロアカ
キメツの刃,ヒロアカ
キメツの刃,呪術回線
キメツの刃,呪術回線
キメツの刃,呪術回線
呪術回線,ヒロアカ
キメツの刃,呪術回線
呪術回線,キメツの刃
キメツの刃,呪術回線
呪術回線,ヒロアカ
キメツの刃,呪術回線
キメツの刃,ヒロアカ
呪術回線,キメツの刃
キメツの刃,呪術回線
キメツの刃,ヒロアカ
キメツの刃,ヒロアカ
キメツの刃,呪術回線
キメツの刃,ヒロアカ
キメツの刃,ヒロアカ
キメツの刃,呪術回線
キメツの刃,呪術回線
ヒロアカ,呪術回線
ヒロアカ,呪術回線
キメツの刃,呪術回線
キメツの刃,呪術回線
キメツの刃,ヒロアカ
キメツの刃,ヒロアカ
呪術回線,ヒロアカ
キメツの刃,ヒロアカ
呪術回線,キメツの刃
キメツの刃,ヒロアカ
キメツの刃,ヒロアカ
キメツの刃,ヒロアカ
ヒロアカ,呪術回線
キメツの刃,呪術回線
呪術回線,キメツの刃
キメツの刃,呪術回線
キメツの刃,呪術回線
キメツの刃,呪術回線
呪術回線,キメツの刃
呪術回線,ヒロアカ
呪術回線,ヒロアカ
キメツの刃,ヒロアカ
キメツの刃,ヒロアカ
キメツの刃,呪術回線
キメツの刃,呪術回線
呪術回線,キメツの刃
キメツの刃,ヒロアカ
呪術回線,ヒロアカ
キメツの刃,呪術回線
キメツの刃,呪術回線
キメツの刃,呪術回線
キメツの刃,呪術回線
キメツの刃,ヒロアカ
呪術回線,キメツの刃
キメツの刃,呪術回線
キメツの刃,呪術回線
キメツの刃,ヒロアカ
呪術回線,ヒロアカ
キメツの刃,呪術回線
キメツの刃,呪術回線
呪術回線,ヒロアカ
キメツの刃,呪術回線
キメツの刃,呪術回線
呪術回線,ヒロアカ
ヒロアカ,呪術回線
呪術回線,ヒロアカ
キメツの刃,呪術回線
キメツの刃,呪術回線
呪術回線,キメツの刃
キメツの刃,ヒロアカ
キメツの刃,呪術回線
キメツの刃,呪術回線
呪術回線,キメツの刃
呪術回線,ヒロアカ
キメツの刃,ヒロアカ
ヒロアカ,呪術回線
呪術回線,ヒロアカ
キメツの刃,ヒロアカ
キメツの刃,呪術回線
キメツの刃,ヒロアカ
ヒロアカ,呪術回線
キメツの刃,呪術回線
呪術回線,ヒロアカ
キメツの刃,呪術回線
キメツの刃,ヒロアカ
キメツの刃,呪術回線
キメツの刃,呪術回線
キメツの刃,呪術回線
キメツの刃,呪術回線
キメツの刃,ヒロアカ
キメツの刃,ヒロアカ
呪術回線,キメツの刃
キメツの刃,ヒロアカ
キメツの刃,呪術回線
呪術回線,ヒロアカ
キメツの刃,ヒロアカ
キメツの刃,呪術回線
キメツの刃,呪術回線
キメツの刃,ヒロアカ
呪術回線,ヒロアカ
呪術回線,ヒロアカ
キメツの刃,ヒロアカ
呪術回線,キメツの刃
キメツの刃,呪術回線
キメツの刃,呪術回線
キメツの刃,呪術回線
ヒロアカ,呪術回線
ヒロアカ,呪術回線
キメツの刃,呪術回線
キメツの刃,呪術回線
キメツの刃,ヒロアカ
キメツの刃,ヒロアカ
キメツの刃,ヒロアカ
キメツの刃,ヒロアカ
ヒロアカ,呪術回線
キメツの刃,呪術回線
キメツの刃,ヒロアカ
キメツの刃,呪術回線
キメツの刃,ヒロアカ
キメツの刃,ヒロアカ
キメツの刃,呪術回線
キメツの刃,呪術回線
キメツの刃,ヒロアカ
キメツの刃,呪術回線
キメツの刃,呪術回線
ヒロアカ,キメツの刃
キメツの刃,呪術回線
キメツの刃,呪術回線
キメツの刃,呪術回線
キメツの刃,ヒロアカ
キメツの刃,ヒロアカ
ヒロアカ,呪術回線
キメツの刃,呪術回線
キメツの刃,呪術回線
キメツの刃,呪術回線
キメツの刃,ヒロアカ
ヒロアカ,呪術回線
ヒロアカ,呪術回線
キメツの刃,ヒロアカ
キメツの刃,呪術回線
キメツの刃,ヒロアカ
キメツの刃,ヒロアカ
キメツの刃,ヒロアカ
キメツの刃,ヒロアカ
キメツの刃,呪術回線
キメツの刃,呪術回線
キメツの刃,呪術回線
キメツの刃,呪術回線
キメツの刃,呪術回線
キメツの刃,呪術回線
呪術回線,ヒロアカ
ヒロアカ,呪術回線
キメツの刃,呪術回線
キメツの刃,ヒロアカ
キメツの刃,呪術回線
キメツの刃,呪術回線
キメツの刃,ヒロアカ
キメツの刃,ヒロアカ
キメツの刃,呪術回線
キメツの刃,呪術回線
呪術回線,ヒロアカ
キメツの刃,呪術回線
キメツの刃,ヒロアカ
キメツの刃,呪術回線
呪術回線,キメツの刃
キメツの刃,呪術回線
呪術回線,キメツの刃
キメツの刃,呪術回線
キメツの刃,呪術回線
キメツの刃,ヒロアカ
呪術回線,ヒロアカ
キメツの刃,呪術回線
キメツの刃,ヒロアカ
呪術回線,ヒロアカ
キメツの刃,呪術回線
キメツの刃,呪術回線
キメツの刃,ヒロアカ
キメツの刃,呪術回線
キメツの刃,ヒロアカ
呪術回線,ヒロアカ
呪術回線,ヒロアカ
キメツの刃,呪術回線
呪術回線,ヒロアカ
キメツの刃,ヒロアカ
呪術回線,キメツの刃
呪術回線,ヒロアカ
キメツの刃,ヒロアカ
キメツの刃,ヒロアカ
キメツの刃,ヒロアカ
キメツの刃,ヒロアカ
キメツの刃,呪術回線
キメツの刃,呪術回線
キメツの刃,ヒロアカ
キメツの刃,ヒロアカ
キメツの刃,呪術回線
キメツの刃,呪術回線
キメツの刃,呪術回線
キメツの刃,呪術回線
キメツの刃,呪術回線
キメツの刃,ヒロアカ
呪術回線,ヒロアカ
キメツの刃,呪術回線
キメツの刃,呪術回線
ヒロアカ,呪術回線
キメツの刃,呪術回線
キメツの刃,呪術回線
キメツの刃,ヒロアカ
キメツの刃,ヒロアカ
キメツの刃,ヒロアカ
ヒロアカ,呪術回線
キメツの刃,呪術回線
キメツの刃,ヒロアカ
キメツの刃,呪術回線
キメツの刃,ヒロアカ
キメツの刃,呪術回線
キメツの刃,呪術回線
ヒロアカ,キメツの刃
キメツの刃,ヒロアカ
呪術回線,ヒロアカ
呪術回線,ヒロアカ
呪術回線,ヒロアカ
キメツの刃,ヒロアカ
呪術回線,キメツの刃
キメツの刃,ヒロアカ
キメツの刃,呪術回線
ヒロアカ,呪術回線
ヒロアカ,呪術回線
キメツの刃,ヒロアカ
キメツの刃,呪術回線
キメツの刃,呪術回線
呪術回線,ヒロアカ
キメツの刃,呪術回線
呪術回線,キメツの刃
ヒロアカ,呪術回線
呪術回線,キメツの刃
キメツの刃,呪術回線
キメツの刃,ヒロアカ
キメツの刃,ヒロアカ
キメツの刃,呪術回線
キメツの刃,呪術回線
呪術回線,ヒロアカ
呪術回線,キメツの刃
キメツの刃,呪術回線
キメツの刃,ヒロアカ
キメツの刃,呪術回線
キメツの刃,ヒロアカ
キメツの刃,呪術回線
キメツの刃,呪術回線
キメツの刃,呪術回線
キメツの刃,呪術回線
キメツの刃,呪術回線
キメツの刃,ヒロアカ
キメツの刃,呪術回線
呪術回線,キメツの刃
キメツの刃,ヒロアカ
呪術回線,キメツの刃
キメツの刃,ヒロアカ
キメツの刃,呪術回線
キメツの刃,呪術回線
キメツの刃,呪術回線
ヒロアカ,呪術回線
キメツの刃,呪術回線
呪術回線,キメツの刃
キメツの刃,ヒロアカ
キメツの刃,呪術回線
キメツの刃,ヒロアカ
キメツの刃,呪術回線
ヒロアカ,呪術回線
キメツの刃,呪術回線
キメツの刃,呪術回線
キメツの刃,ヒロアカ
キメツの刃,ヒロアカ
呪術回線,ヒロアカ
キメツの刃,ヒロアカ
キメツの刃,ヒロアカ
呪術回線,ヒロアカ
キメツの刃,ヒロアカ
キメツの刃,ヒロアカ
キメツの刃,ヒロアカ
呪術回線,ヒロアカ
キメツの刃,ヒロアカ
キメツの刃,呪術回線
キメツの刃,ヒロアカ
キメツの刃,呪術回線
キメツの刃,呪術回線
呪術回線,キメツの刃
ヒロアカ,キメツの刃
呪術回線,ヒロアカ
キメツの刃,呪術回線
キメツの刃,呪術回線
キメツの刃,ヒロアカ
ヒロアカ,キメツの刃
呪術回線,ヒロアカ
呪術回線,キメツの刃
キメツの刃,呪術回線
キメツの刃,ヒロアカ
キメツの刃,ヒロアカ
キメツの刃,呪術回線
キメツの刃,ヒロアカ
呪術回線,キメツの刃
ヒロアカ,呪術回線
呪術回線,キメツの刃
キメツの刃,呪術回線
キメツの刃,呪術回線
キメツの刃,呪術回線
呪術回線,キメツの刃
キメツの刃,呪術回線
キメツの刃,ヒロアカ
キメツの刃,ヒロアカ
呪術回線,キメツの刃
キメツの刃,ヒロアカ
キメツの刃,呪術回線
キメツの刃,ヒロアカ
呪術回線,ヒロアカ
キメツの刃,呪術回線
キメツの刃,呪術回線
キメツの刃,呪術回線
キメツの刃,ヒロアカ
キメツの刃,呪術回線
呪術回線,キメツの刃
キメツの刃,呪術回線
キメツの刃,ヒロアカ
キメツの刃,ヒロアカ
キメツの刃,呪術回線
呪術回線,ヒロアカ
キメツの刃,ヒロアカ
キメツの刃,ヒロアカ
キメツの刃,ヒロアカ
ヒロアカ,キメツの刃
キメツの刃,呪術回線
キメツの刃,呪術回線
キメツの刃,ヒロアカ
キメツの刃,ヒロアカ
呪術回線,ヒロアカ
キメツの刃,呪術回線
キメツの刃,ヒロアカ
キメツの刃,呪術回線
キメツの刃,ヒロアカ
キメツの刃,ヒロアカ
キメツの刃,呪術回線
キメツの刃,呪術回線
呪術回線,ヒロアカ
呪術回線,ヒロアカ
キメツの刃,呪術回線
キメツの刃,ヒロアカ
キメツの刃,呪術回線
呪術回線,ヒロアカ
キメツの刃,呪術回線
キメツの刃,ヒロアカ
呪術回線,キメツの刃
キメツの刃,ヒロアカ
呪術回線,ヒロアカ
ヒロアカ,キメツの刃
キメツの刃,呪術回線
キメツの刃,呪術回線
キメツの刃,呪術回線
呪術回線,キメツの刃
呪術回線,ヒロアカ
キメツの刃,呪術回線
キメツの刃,ヒロアカ
キメツの刃,呪術回線
キメツの刃,呪術回線
キメツの刃,呪術回線
呪術回線,キメツの刃
キメツの刃,呪術回線
呪術回線,ヒロアカ
呪術回線,ヒロアカ
キメツの刃,ヒロアカ
キメツの刃,ヒロアカ
キメツの刃,呪術回線
呪術回線,ヒロアカ
呪術回線,キメツの刃
キメツの刃,呪術回線
キメツの刃,ヒロアカ
呪術回線,キメツの刃
キメツの刃,ヒロアカ
キメツの刃,ヒロアカ
呪術回線,ヒロアカ
キメツの刃,呪術回線
キメツの刃,呪術回線
キメツの刃,ヒロアカ
キメツの刃,ヒロアカ
キメツの刃,呪術回線
キメツの刃,ヒロアカ
キメツの刃,呪術回線
キメツの刃,呪術回線
キメツの刃,呪術回線
キメツの刃,呪術回線
キメツの刃,呪術回線
キメツの刃,ヒロアカ
キメツの刃,呪術回線
呪術回線,キメツの刃
呪術回線,ヒロアカ
キメツの刃,ヒロアカ
ヒロアカ,呪術回線
キメツの刃,呪術回線
キメツの刃,ヒロアカ
キメツの刃,ヒロアカ
キメツの刃,呪術回線
呪術回線,ヒロアカ
呪術回線,キメツの刃
キメツの刃,呪術回線
ヒロアカ,呪術回線
キメツの刃,呪術回線
キメツの刃,呪術回線
キメツの刃,呪術回線
呪術回線,ヒロアカ
呪術回線,キメツの刃
キメツの刃,ヒロアカ
呪術回線,ヒロアカ
呪術回線,キメツの刃
呪術回線,ヒロアカ
呪術回線,キメツの刃
キメツの刃,呪術回線
キメツの刃,呪術回線
呪術回線,ヒロアカ
ヒロアカ,呪術回線
キメツの刃,ヒロアカ
キメツの刃,呪術回線
呪術回線,キメツの刃
キメツの刃,呪術回線
呪術回線,ヒロアカ
キメツの刃,ヒロアカ
呪術回線,キメツの刃
キメツの刃,ヒロアカ
キメツの刃,呪術回線
キメツの刃,呪術回線
ヒロアカ,呪術回線
キメツの刃,ヒロアカ
呪術回線,ヒロアカ
呪術回線,キメツの刃
ヒロアカ,キメツの刃
呪術回線,ヒロアカ
キメツの刃,呪術回線
キメツの刃,呪術回線
ヒロアカ,呪術回線
キメツの刃,呪術回線
呪術回線,キメツの刃
呪術回線,ヒロアカ
キメツの刃,ヒロアカ
キメツの刃,呪術回線
キメツの刃,ヒロアカ
キメツの刃,ヒロアカ
キメツの刃,ヒロアカ
キメツの刃,ヒロアカ
キメツの刃,呪術回線
ヒロアカ,呪術回線
キメツの刃,呪術回線
呪術回線,キメツの刃
呪術回線,ヒロアカ
キメツの刃,呪術回線
キメツの刃,呪術回線
キメツの刃,呪術回線
ヒロアカ,呪術回線
キメツの刃,呪術回線
キメツの刃,呪術回線
キメツの刃,呪術回線
キメツの刃,呪術回線
キメツの刃,呪術回線
キメツの刃,呪術回線
キメツの刃,呪術回線
ヒロアカ,キメツの刃
キメツの刃,ヒロアカ
キメツの刃,呪術回線
キメツの刃,ヒロアカ
ヒロアカ,呪術回線
呪術回線,ヒロアカ
呪術回線,ヒロアカ
キメツの刃,ヒロアカ
呪術回線,キメツの刃
呪術回線,キメツの刃
キメツの刃,呪術回線
キメツの刃,ヒロアカ
キメツの刃,呪術回線
キメツの刃,呪術回線
キメツの刃,ヒロアカ
キメツの刃,ヒロアカ
キメツの刃,呪術回線
キメツの刃,呪術回線
呪術回線,ヒロアカ
キメツの刃,ヒロアカ
キメツの刃,ヒロアカ
キメツの刃,ヒロアカ
キメツの刃,呪術回線
キメツの刃,呪術回線
キメツの刃,ヒロアカ
呪術回線,ヒロアカ
キメツの刃,ヒロアカ
ヒロアカ,呪術回線
キメツの刃,呪術回線
呪術回線,キメツの刃
キメツの刃,呪術回線
キメツの刃,ヒロアカ
キメツの刃,ヒロアカ
キメツの刃,呪術回線
キメツの刃,呪術回線
キメツの刃,呪術回線
キメツの刃,ヒロアカ
呪術回線,キメツの刃
キメツの刃,ヒロアカ
キメツの刃,ヒロアカ
キメツの刃,呪術回線
キメツの刃,呪術回線
キメツの刃,呪術回線
キメツの刃,ヒロアカ
キメツの刃,呪術回線
キメツの刃,呪術回線
キメツの刃,呪術回線
キメツの刃,ヒロアカ
キメツの刃,呪術回線
キメツの刃,呪術回線
呪術回線,ヒロアカ
キメツの刃,呪術回線
キメツの刃,呪術回線
キメツの刃,ヒロアカ
キメツの刃,呪術回線
キメツの刃,呪術回線
キメツの刃,呪術回線
キメツの刃,呪術回線
呪術回線,キメツの刃
キメツの刃,ヒロアカ
キメツの刃,ヒロアカ
キメツの刃,呪術回線
キメツの刃,ヒロアカ
キメツの刃,呪術回線
キメツの刃,ヒロアカ
キメツの刃,呪術回線
呪術回線,ヒロアカ
呪術回線,ヒロアカ
キメツの刃,呪術回線
キメツの刃,ヒロアカ
キメツの刃,ヒロアカ
呪術回線,ヒロアカ
キメツの刃,呪術回線
キメツの刃,呪術回線
キメツの刃,ヒロアカ
キメツの刃,ヒロアカ
キメツの刃,呪術回線
キメツの刃,ヒロアカ
キメツの刃,呪術回線
ヒロアカ,キメツの刃
キメツの刃,ヒロアカ
呪術回線,キメツの刃
キメツの刃,呪術回線
呪術回線,キメツの刃
呪術回線,ヒロアカ
呪術回線,ヒロアカ
キメツの刃,呪術回線
キメツの刃,ヒロアカ
キメツの刃,呪術回線
キメツの刃,ヒロアカ
キメツの刃,ヒロアカ
キメツの刃,呪術回線
キメツの刃,ヒロアカ
キメツの刃,呪術回線
キメツの刃,ヒロアカ
キメツの刃,ヒロアカ
キメツの刃,ヒロアカ
キメツの刃,ヒロアカ
キメツの刃,ヒロアカ
キメツの刃,ヒロアカ
キメツの刃,ヒロアカ
キメツの刃,ヒロアカ
キメツの刃,ヒロアカ
呪術回線,ヒロアカ
キメツの刃,呪術回線
キメツの刃,ヒロアカ
キメツの刃,呪術回線
キメツの刃,呪術回線
呪術回線,ヒロアカ
キメツの刃,ヒロアカ
キメツの刃,呪術回線
キメツの刃,ヒロアカ
キメツの刃,ヒロアカ
キメツの刃,呪術回線
キメツの刃,呪術回線
キメツの刃,ヒロアカ
キメツの刃,呪術回線
ヒロアカ,キメツの刃
ヒロアカ,キメツの刃
キメツの刃,ヒロアカ
キメツの刃,ヒロアカ
キメツの刃,呪術回線
キメツの刃,呪術回線
キメツの刃,ヒロアカ
呪術回線,ヒロアカ
キメツの刃,呪術回線
キメツの刃,呪術回線
キメツの刃,ヒロアカ
ヒロアカ,キメツの刃
キメツの刃,ヒロアカ
キメツの刃,ヒロアカ
キメツの刃,ヒロアカ
キメツの刃,呪術回線
キメツの刃,ヒロアカ
呪術回線,ヒロアカ
キメツの刃,呪術回線
キメツの刃,呪術回線
キメツの刃,呪術回線
キメツの刃,呪術回線
キメツの刃,ヒロアカ
キメツの刃,ヒロアカ
呪術回線,キメツの刃
ヒロアカ,呪術回線
キメツの刃,呪術回線
キメツの刃,ヒロアカ
キメツの刃,ヒロアカ
呪術回線,キメツの刃
キメツの刃,ヒロアカ
キメツの刃,呪術回線
キメツの刃,呪術回線
ヒロアカ,呪術回線
キメツの刃,呪術回線
キメツの刃,ヒロアカ
呪術回線,キメツの刃
キメツの刃,呪術回線
キメツの刃,ヒロアカ
キメツの刃,呪術回線
キメツの刃,呪術回線
キメツの刃,呪術回線
呪術回線,キメツの刃
呪術回線,ヒロアカ
キメツの刃,呪術回線
呪術回線,ヒロアカ
キメツの刃,呪術回線
キメツの刃,呪術回線
キメツの刃,呪術回線
呪術回線,ヒロアカ
ヒロアカ,キメツの刃
キメツの刃,ヒロアカ
呪術回線,ヒロアカ
キメツの刃,呪術回線
キメツの刃,ヒロアカ
キメツの刃,呪術回線
キメツの刃,呪術回線
ヒロアカ,呪術回線
呪術回線,ヒロアカ
ヒロアカ,呪術回線
キメツの刃,ヒロアカ
キメツの刃,ヒロアカ
キメツの刃,ヒロアカ
呪術回線,ヒロアカ
キメツの刃,ヒロアカ
キメツの刃,ヒロアカ
キメツの刃,ヒロアカ
キメツの刃,呪術回線
キメツの刃,ヒロアカ
ヒロアカ,呪術回線
キメツの刃,ヒロアカ
キメツの刃,ヒロアカ
キメツの刃,ヒロアカ
呪術回線,キメツの刃
キメツの刃,ヒロアカ
キメツの刃,呪術回線
キメツの刃,呪術回線
キメツの刃,ヒロアカ
キメツの刃,呪術回線
キメツの刃,呪術回線
キメツの刃,ヒロアカ
キメツの刃,呪術回線
キメツの刃,呪術回線
キメツの刃,呪術回線
キメツの刃,ヒロアカ
ヒロアカ,キメツの刃
ヒロアカ,キメツの刃
キメツの刃,ヒロアカ
キメツの刃,ヒロアカ
呪術回線,ヒロアカ
キメツの刃,ヒロアカ
キメツの刃,ヒロアカ
ヒロアカ,キメツの刃
キメツの刃,呪術回線
キメツの刃,呪術回線
キメツの刃,呪術回線
キメツの刃,ヒロアカ
キメツの刃,呪術回線
キメツの刃,ヒロアカ
キメツの刃,ヒロアカ
キメツの刃,呪術回線
キメツの刃,呪術回線
キメツの刃,呪術回線
呪術回線,ヒロアカ
キメツの刃,呪術回線
呪術回線,ヒロアカ
キメツの刃,呪術回線
キメツの刃,呪術回線
ヒロアカ,呪術回線
キメツの刃,ヒロアカ
ヒロアカ,呪術回線
キメツの刃,呪術回線
キメツの刃,ヒロアカ
キメツの刃,呪術回線
キメツの刃,ヒロアカ
キメツの刃,ヒロアカ
キメツの刃,ヒロアカ
ヒロアカ,呪術回線
キメツの刃,呪術回線
キメツの刃,呪術回線
キメツの刃,呪術回線
呪術回線,ヒロアカ
キメツの刃,呪術回線
呪術回線,ヒロアカ
呪術回線,キメツの刃
呪術回線,キメツの刃
キメツの刃,呪術回線
キメツの刃,ヒロアカ
キメツの刃,ヒロアカ
キメツの刃,呪術回線
キメツの刃,ヒロアカ
キメツの刃,呪術回線
キメツの刃,呪術回線
キメツの刃,ヒロアカ
キメツの刃,呪術回線
呪術回線,ヒロアカ
キメツの刃,ヒロアカ
キメツの刃,呪術回線
呪術回線,キメツの刃
呪術回線,ヒロアカ
呪術回線,ヒロアカ
キメツの刃,ヒロアカ
ヒロアカ,呪術回線
キメツの刃,呪術回線
キメツの刃,ヒロアカ
呪術回線,キメツの刃
呪術回線,ヒロアカ
キメツの刃,呪術回線
キメツの刃,呪術回線
キメツの刃,呪術回線
キメツの刃,呪術回線
キメツの刃,呪術回線
キメツの刃,ヒロアカ
キメツの刃,呪術回線
呪術回線,ヒロアカ
キメツの刃,呪術回線
キメツの刃,呪術回線
キメツの刃,ヒロアカ
ヒロアカ,呪術回線
ヒロアカ,呪術回線
呪術回線,ヒロアカ
キメツの刃,呪術回線
キメツの刃,ヒロアカ
キメツの刃,呪術回線
キメツの刃,呪術回線
呪術回線,ヒロアカ
キメツの刃,呪術回線
キメツの刃,ヒロアカ
キメツの刃,呪術回線
キメツの刃,呪術回線
キメツの刃,呪術回線
呪術回線,ヒロアカ
キメツの刃,呪術回線
キメツの刃,呪術回線
キメツの刃,呪術回線
ヒロアカ,キメツの刃
キメツの刃,呪術回線
キメツの刃,呪術回線
キメツの刃,ヒロアカ
キメツの刃,ヒロアカ
キメツの刃,呪術回線
キメツの刃,ヒロアカ
ヒロアカ,呪術回線
キメツの刃,ヒロアカ
ヒロアカ,呪術回線
キメツの刃,ヒロアカ
ヒロアカ,キメツの刃
キメツの刃,呪術回線
キメツの刃,ヒロアカ
キメツの刃,ヒロアカ
ヒロアカ,呪術回線
キメツの刃,呪術回線
キメツの刃,呪術回線
キメツの刃,呪術回線
呪術回線,ヒロアカ
キメツの刃,呪術回線
キメツの刃,ヒロアカ
呪術回線,ヒロアカ
キメツの刃,呪術回線
キメツの刃,呪術回線
キメツの刃,呪術回線
ヒロアカ,呪術回線
キメツの刃,呪術回線
キメツの刃,ヒロアカ
キメツの刃,呪術回線
キメツの刃,呪術回線
キメツの刃,呪術回線
キメツの刃,呪術回線
呪術回線,ヒロアカ
ヒロアカ,呪術回線
呪術回線,ヒロアカ
キメツの刃,ヒロアカ
呪術回線,ヒロアカ
呪術回線,キメツの刃
キメツの刃,呪術回線
ヒロアカ,呪術回線
呪術回線,ヒロアカ
キメツの刃,呪術回線
ヒロアカ,呪術回線
キメツの刃,呪術回線
呪術回線,ヒロアカ
キメツの刃,呪術回線
キメツの刃,呪術回線
呪術回線,ヒロアカ
呪術回線,ヒロアカ
キメツの刃,ヒロアカ
呪術回線,ヒロアカ
キメツの刃,ヒロアカ
呪術回線,ヒロアカ
キメツの刃,ヒロアカ
キメツの刃,呪術回線
呪術回線,ヒロアカ
呪術回線,ヒロアカ
キメツの刃,ヒロアカ
キメツの刃,呪術回線
キメツの刃,呪術回線
ヒロアカ,キメツの刃
キメツの刃,ヒロアカ
キメツの刃,ヒロアカ
ヒロアカ,キメツの刃
呪術回線,ヒロアカ
キメツの刃,ヒロアカ
呪術回線,キメツの刃
呪術回線,ヒロアカ
キメツの刃,ヒロアカ
キメツの刃,ヒロアカ
呪術回線,キメツの刃
呪術回線,ヒロアカ
呪術回線,キメツの刃
ヒロアカ,呪術回線
ヒロアカ,呪術回線
キメツの刃,呪術回線
キメツの刃,呪術回線
ヒロアカ,呪術回線
キメツの刃,ヒロアカ
呪術回線,キメツの刃
キメツの刃,ヒロアカ
キメツの刃,呪術回線
キメツの刃,呪術回線
キメツの刃,呪術回線
キメツの刃,ヒロアカ
キメツの刃,ヒロアカ
キメツの刃,呪術回線
キメツの刃,呪術回線
キメツの刃,ヒロアカ
キメツの刃,呪術回線
キメツの刃,呪術回線
キメツの刃,呪術回線
キメツの刃,ヒロアカ
キメツの刃,呪術回線
キメツの刃,ヒロアカ
呪術回線,キメツの刃
キメツの刃,ヒロアカ
キメツの刃,呪術回線
呪術回線,ヒロアカ
キメツの刃,呪術回線
キメツの刃,呪術回線
呪術回線,ヒロアカ
キメツの刃,ヒロアカ
キメツの刃,呪術回線
キメツの刃,ヒロアカ
キメツの刃,呪術回線
キメツの刃,ヒロアカ
呪術回線,ヒロアカ
呪術回線,ヒロアカ
キメツの刃,ヒロアカ
キメツの刃,呪術回線
呪術回線,ヒロアカ
キメツの刃,呪術回線
キメツの刃,呪術回線
キメツの刃,呪術回線
キメツの刃,呪術回線
キメツの刃,呪術回線
ヒロアカ,呪術回線
キメツの刃,ヒロアカ
キメツの刃,呪術回線
キメツの刃,呪術回線
ヒロアカ,キメツの刃
キメツの刃,呪術回線
キメツの刃,呪術回線
ヒロアカ,呪術回線
キメツの刃,呪術回線
キメツの刃,ヒロアカ
キメツの刃,ヒロアカ
キメツの刃,ヒロアカ
呪術回線,キメツの刃
キメツの刃,呪術回線
キメツの刃,呪術回線
キメツの刃,ヒロアカ
キメツの刃,ヒロアカ
キメツの刃,ヒロアカ
キメツの刃,ヒロアカ
キメツの刃,呪術回線
ヒロアカ,呪術回線
キメツの刃,呪術回線
呪術回線,ヒロアカ
キメツの刃,呪術回線
キメツの刃,呪術回線
キメツの刃,ヒロアカ
キメツの刃,呪術回線
キメツの刃,呪術回線
呪術回線,ヒロアカ
キメツの刃,呪術回線
呪術回線,ヒロアカ
キメツの刃,呪術回線
キメツの刃,ヒロアカ
キメツの刃,呪術回線
キメツの刃,呪術回線
キメツの刃,呪術回線
ヒロアカ,呪術回線
ヒロアカ,キメツの刃
キメツの刃,ヒロアカ
キメツの刃,ヒロアカ
キメツの刃,呪術回線
キメツの刃,ヒロアカ
キメツの刃,呪術回線
呪術回線,ヒロアカ
キメツの刃,呪術回線
キメツの刃,ヒロアカ
呪術回線,ヒロアカ
呪術回線,ヒロアカ
キメツの刃,ヒロアカ
キメツの刃,呪術回線
キメツの刃,呪術回線
キメツの刃,ヒロアカ
呪術回線,ヒロアカ
キメツの刃,ヒロアカ
キメツの刃,呪術回線
キメツの刃,ヒロアカ
キメツの刃,呪術回線
呪術回線,キメツの刃
呪術回線,ヒロアカ
呪術回線,ヒロアカ
ヒロアカ,キメツの刃
キメツの刃,呪術回線
呪術回線,ヒロアカ
呪術回線,キメツの刃
キメツの刃,呪術回線
キメツの刃,呪術回線
キメツの刃,ヒロアカ
キメツの刃,呪術回線
キメツの刃,ヒロアカ
キメツの刃,呪術回線
キメツの刃,ヒロアカ
キメツの刃,ヒロアカ
呪術回線,ヒロアカ
キメツの刃,呪術回線
キメツの刃,ヒロアカ
ヒロアカ,呪術回線
呪術回線,ヒロアカ
キメツの刃,ヒロアカ
呪術回線,ヒロアカ
キメツの刃,ヒロアカ
キメツの刃,ヒロアカ
呪術回線,ヒロアカ
キメツの刃,呪術回線
呪術回線,ヒロアカ
ヒロアカ,呪術回線
キメツの刃,呪術回線
呪術回線,ヒロアカ
ヒロアカ,呪術回線
呪術回線,キメツの刃
呪術回線,ヒロアカ
キメツの刃,ヒロアカ
キメツの刃,ヒロアカ
キメツの刃,呪術回線
呪術回線,キメツの刃
キメツの刃,呪術回線
キメツの刃,呪術回線
キメツの刃,ヒロアカ
呪術回線,ヒロアカ
キメツの刃,ヒロアカ
呪術回線,ヒロアカ
キメツの刃,呪術回線
キメツの刃,ヒロアカ
キメツの刃,ヒロアカ
キメツの刃,ヒロアカ
キメツの刃,呪術回線
キメツの刃,呪術回線
キメツの刃,ヒロアカ
キメツの刃,ヒロアカ
キメツの刃,呪術回線
呪術回線,キメツの刃
キメツの刃,呪術回線
キメツの刃,呪術回線
キメツの刃,ヒロアカ
キメツの刃,ヒロアカ
呪術回線,キメツの刃
キメツの刃,ヒロアカ
キメツの刃,呪術回線
キメツの刃,呪術回線
キメツの刃,呪術回線
ヒロアカ,キメツの刃
キメツの刃,呪術回線
呪術回線,ヒロアカ
キメツの刃,ヒロアカ
ヒロアカ,呪術回線
ヒロアカ,呪術回線
キメツの刃,呪術回線
キメツの刃,呪術回線
キメツの刃,呪術回線
ヒロアカ,呪術回線
呪術回線,ヒロアカ
キメツの刃,呪術回線
キメツの刃,呪術回線
キメツの刃,ヒロアカ
キメツの刃,ヒロアカ
キメツの刃,呪術回線
キメツの刃,ヒロアカ
呪術回線,ヒロアカ
ヒロアカ,呪術回線
キメツの刃,ヒロアカ
呪術回線,キメツの刃
キメツの刃,ヒロアカ
キメツの刃,呪術回線
呪術回線,ヒロアカ
キメツの刃,呪術回線
キメツの刃,呪術回線
キメツの刃,呪術回線
キメツの刃,ヒロアカ
キメツの刃,ヒロアカ
キメツの刃,呪術回線
キメツの刃,呪術回線
ヒロアカ,呪術回線
キメツの刃,呪術回線
キメツの刃,呪術回線
呪術回線,ヒロアカ
キメツの刃,呪術回線
ヒロアカ,呪術回線
呪術回線,キメツの刃
キメツの刃,呪術回線
キメツの刃,ヒロアカ
ヒロアカ,呪術回線
キメツの刃,呪術回線
キメツの刃,ヒロアカ
キメツの刃,ヒロアカ
キメツの刃,ヒロアカ
キメツの刃,ヒロアカ
キメツの刃,呪術回線
キメツの刃,ヒロアカ
キメツの刃,ヒロアカ
キメツの刃,呪術回線
ヒロアカ,呪術回線
キメツの刃,ヒロアカ
キメツの刃,呪術回線
キメツの刃,ヒロアカ
ヒロアカ,呪術回線
キメツの刃,呪術回線
呪術回線,キメツの刃
キメツの刃,ヒロアカ
キメツの刃,呪術回線
キメツの刃,ヒロアカ
キメツの刃,呪術回線
キメツの刃,呪術回線
キメツの刃,ヒロアカ
キメツの刃,呪術回線
キメツの刃,ヒロアカ
キメツの刃,ヒロアカ
キメツの刃,呪術回線
呪術回線,キメツの刃
呪術回線,キメツの刃
キメツの刃,ヒロアカ
呪術回線,ヒロアカ
キメツの刃,ヒロアカ
キメツの刃,呪術回線
キメツの刃,呪術回線
呪術回線,ヒロアカ
キメツの刃,ヒロアカ
キメツの刃,呪術回線
キメツの刃,呪術回線
キメツの刃,呪術回線
キメツの刃,ヒロアカ
キメツの刃,呪術回線
キメツの刃,ヒロアカ
キメツの刃,呪術回線
ヒロアカ,呪術回線
ヒロアカ,呪術回線
キメツの刃,ヒロアカ
キメツの刃,呪術回線
キメツの刃,呪術回線
キメツの刃,呪術回線
キメツの刃,呪術回線
キメツの刃,呪術回線
キメツの刃,呪術回線
キメツの刃,ヒロアカ
キメツの刃,呪術回線
キメツの刃,呪術回線
キメツの刃,ヒロアカ
呪術回線,キメツの刃
キメツの刃,ヒロアカ
キメツの刃,呪術回線
キメツの刃,呪術回線
キメツの刃,ヒロアカ
キメツの刃,呪術回線
呪術回線,ヒロアカ
呪術回線,ヒロアカ
キメツの刃,呪術回線
キメツの刃,呪術回線
キメツの刃,呪術回線
キメツの刃,呪術回線
キメツの刃,呪術回線
キメツの刃,呪術回線
キメツの刃,呪術回線
キメツの刃,呪術回線
キメツの刃,呪術回線
ヒロアカ,キメツの刃
ヒロアカ,呪術回線
キメツの刃,ヒロアカ
キメツの刃,呪術回線
キメツの刃,呪術回線
キメツの刃,呪術回線
キメツの刃,ヒロアカ
キメツの刃,ヒロアカ
キメツの刃,ヒロアカ
キメツの刃,呪術回線
キメツの刃,ヒロアカ
キメツの刃,ヒロアカ
キメツの刃,ヒロアカ
キメツの刃,ヒロアカ
呪術回線,ヒロアカ
キメツの刃,呪術回線
キメツの刃,呪術回線
呪術回線,キメツの刃
キメツの刃,呪術回線
キメツの刃,ヒロアカ
キメツの刃,ヒロアカ
キメツの刃,ヒロアカ
キメツの刃,呪術回線
キメツの刃,ヒロアカ
キメツの刃,ヒロアカ
ヒロアカ,キメツの刃
キメツの刃,呪術回線
ヒロアカ,呪術回線
キメツの刃,ヒロアカ
キメツの刃,ヒロアカ
呪術回線,ヒロアカ
キメツの刃,呪術回線
呪術回線,ヒロアカ
ヒロアカ,キメツの刃
呪術回線,ヒロアカ
キメツの刃,呪術回線
キメツの刃,呪術回線
キメツの刃,呪術回線
呪術回線,キメツの刃
キメツの刃,ヒロアカ
キメツの刃,呪術回線
キメツの刃,ヒロアカ
ヒロアカ,呪術回線
キメツの刃,呪術回線
キメツの刃,呪術回線
呪術回線,ヒロアカ
キメツの刃,呪術回線
呪術回線,キメツの刃
キメツの刃,ヒロアカ
キメツの刃,ヒロアカ
キメツの刃,呪術回線
キメツの刃,呪術回線
ヒロアカ,キメツの刃
キメツの刃,ヒロアカ
キメツの刃,ヒロアカ
キメツの刃,ヒロアカ
キメツの刃,呪術回線
キメツの刃,ヒロアカ
キメツの刃,呪術回線
キメツの刃,呪術回線
キメツの刃,ヒロアカ
呪術回線,ヒロアカ
ヒロアカ,呪術回線
キメツの刃,呪術回線
キメツの刃,ヒロアカ
呪術回線,キメツの刃
呪術回線,ヒロアカ
キメツの刃,呪術回線
キメツの刃,呪術回線
キメツの刃,ヒロアカ
呪術回線,キメツの刃
キメツの刃,ヒロアカ
キメツの刃,呪術回線
ヒロアカ,呪術回線
キメツの刃,呪術回線
キメツの刃,ヒロアカ
キメツの刃,呪術回線
ヒロアカ,呪術回線
呪術回線,ヒロアカ
呪術回線,ヒロアカ
キメツの刃,呪術回線
キメツの刃,呪術回線
キメツの刃,ヒロアカ
キメツの刃,ヒロアカ
ヒロアカ,呪術回線
呪術回線,キメツの刃
呪術回線,ヒロアカ
ヒロアカ,呪術回線
呪術回線,キメツの刃
キメツの刃,呪術回線
キメツの刃,呪術回線
キメツの刃,呪術回線
キメツの刃,呪術回線
キメツの刃,ヒロアカ
キメツの刃,ヒロアカ
呪術回線,キメツの刃
呪術回線,ヒロアカ
呪術回線,ヒロアカ
キメツの刃,呪術回線
キメツの刃,呪術回線
呪術回線,ヒロアカ
キメツの刃,呪術回線
キメツの刃,呪術回線
呪術回線,ヒロアカ
キメツの刃,呪術回線
キメツの刃,呪術回線
キメツの刃,呪術回線
キメツの刃,呪術回線
ヒロアカ,呪術回線
呪術回線,ヒロアカ
キメツの刃,呪術回線
キメツの刃,呪術回線
ヒロアカ,呪術回線
キメツの刃,呪術回線
キメツの刃,ヒロアカ
キメツの刃,ヒロアカ
キメツの刃,ヒロアカ
呪術回線,ヒロアカ
キメツの刃,呪術回線
キメツの刃,呪術回線
キメツの刃,呪術回線
キメツの刃,呪術回線
呪術回線,ヒロアカ
キメツの刃,呪術回線
キメツの刃,呪術回線
キメツの刃,呪術回線
キメツの刃,呪術回線
キメツの刃,呪術回線
キメツの刃,呪術回線
キメツの刃,呪術回線
キメツの刃,ヒロアカ
呪術回線,キメツの刃
呪術回線,ヒロアカ
呪術回線,キメツの刃
キメツの刃,呪術回線
キメツの刃,呪術回線
キメツの刃,呪術回線
キメツの刃,呪術回線
キメツの刃,ヒロアカ
呪術回線,ヒロアカ
呪術回線,ヒロアカ
呪術回線,ヒロアカ
呪術回線,ヒロアカ
呪術回線,ヒロアカ
キメツの刃,呪術回線
キメツの刃,ヒロアカ
呪術回線,ヒロアカ
ヒロアカ,呪術回線
キメツの刃,呪術回線
キメツの刃,ヒロアカ
ヒロアカ,キメツの刃
キメツの刃,ヒロアカ
キメツの刃,呪術回線
ヒロアカ,キメツの刃
呪術回線,キメツの刃
キメツの刃,呪術回線
キメツの刃,呪術回線
キメツの刃,呪術回線
キメツの刃,呪術回線
キメツの刃,呪術回線
ヒロアカ,キメツの刃
キメツの刃,呪術回線
呪術回線,キメツの刃
キメツの刃,ヒロアカ
キメツの刃,呪術回線
キメツの刃,ヒロアカ
キメツの刃,ヒロアカ
呪術回線,ヒロアカ
呪術回線,キメツの刃
キメツの刃,呪術回線
呪術回線,キメツの刃
キメツの刃,ヒロアカ
キメツの刃,ヒロアカ
キメツの刃,呪術回線
キメツの刃,ヒロアカ
キメツの刃,ヒロアカ
呪術回線,ヒロアカ
キメツの刃,ヒロアカ
キメツの刃,ヒロアカ
キメツの刃,呪術回線
キメツの刃,ヒロアカ
キメツの刃,ヒロアカ
キメツの刃,ヒロアカ
ヒロアカ,キメツの刃
キメツの刃,呪術回線
呪術回線,ヒロアカ
キメツの刃,ヒロアカ
キメツの刃,ヒロアカ
キメツの刃,呪術回線
キメツの刃,ヒロアカ
キメツの刃,呪術回線
キメツの刃,呪術回線
キメツの刃,呪術回線
呪術回線,キメツの刃
キメツの刃,ヒロアカ
ヒロアカ,キメツの刃
ヒロアカ,キメツの刃
呪術回線,ヒロアカ
ヒロアカ,呪術回線
キメツの刃,呪術回線
キメツの刃,呪術回線
キメツの刃,呪術回線
キメツの刃,呪術回線
呪術回線,キメツの刃
キメツの刃,ヒロアカ
キメツの刃,ヒロアカ
キメツの刃,ヒロアカ
キメツの刃,呪術回線
キメツの刃,呪術回線
キメツの刃,呪術回線
ヒロアカ,キメツの刃
キメツの刃,ヒロアカ
キメツの刃,呪術回線
呪術回線,ヒロアカ
キメツの刃,ヒロアカ
キメツの刃,ヒロアカ
キメツの刃,ヒロアカ
キメツの刃,呪術回線
呪術回線,キメツの刃
キメツの刃,ヒロアカ
キメツの刃,ヒロアカ
キメツの刃,ヒロアカ
呪術回線,キメツの刃
キメツの刃,呪術回線
キメツの刃,ヒロアカ
呪術回線,キメツの刃
キメツの刃,呪術回線
キメツの刃,ヒロアカ
キメツの刃,呪術回線
ヒロアカ,呪術回線
キメツの刃,呪術回線
呪術回線,ヒロアカ
キメツの刃,ヒロアカ
キメツの刃,ヒロアカ
ヒロアカ,呪術回線
キメツの刃,呪術回線
呪術回線,キメツの刃
キメツの刃,ヒロアカ
呪術回線,キメツの刃
キメツの刃,ヒロアカ
ヒロアカ,呪術回線
キメツの刃,呪術回線
キメツの刃,呪術回線
キメツの刃,呪術回線
呪術回線,ヒロアカ
キメツの刃,呪術回線
呪術回線,ヒロアカ
キメツの刃,ヒロアカ
ヒロアカ,キメツの刃
呪術回線,ヒロアカ
呪術回線,キメツの刃
キメツの刃,ヒロアカ
キメツの刃,ヒロアカ
キメツの刃,呪術回線
ヒロアカ,呪術回線
キメツの刃,呪術回線
キメツの刃,ヒロアカ
キメツの刃,呪術回線
キメツの刃,呪術回線
キメツの刃,ヒロアカ
キメツの刃,呪術回線
キメツの刃,ヒロアカ
キメツの刃,ヒロアカ
キメツの刃,呪術回線
キメツの刃,呪術回線
キメツの刃,ヒロアカ
キメツの刃,呪術回線
呪術回線,ヒロアカ
キメツの刃,ヒロアカ
キメツの刃,ヒロアカ
キメツの刃,呪術回線
キメツの刃,呪術回線
キメツの刃,ヒロアカ
キメツの刃,呪術回線
ヒロアカ,呪術回線
キメツの刃,ヒロアカ
キメツの刃,ヒロアカ
呪術回線,ヒロアカ
キメツの刃,ヒロアカ
キメツの刃,呪術回線
呪術回線,ヒロアカ
呪術回線,ヒロアカ
ヒロアカ,キメツの刃
キメツの刃,ヒロアカ
ヒロアカ,呪術回線
呪術回線,ヒロアカ
キメツの刃,ヒロアカ
キメツの刃,呪術回線
ヒロアカ,呪術回線
キメツの刃,呪術回線
キメツの刃,ヒロアカ
キメツの刃,呪術回線
キメツの刃,呪術回線
キメツの刃,呪術回線
キメツの刃,ヒロアカ
キメツの刃,ヒロアカ
キメツの刃,呪術回線
呪術回線,ヒロアカ
キメツの刃,呪術回線
キメツの刃,呪術回線
キメツの刃,呪術回線
キメツの刃,呪術回線
キメツの刃,呪術回線
キメツの刃,呪術回線
呪術回線,キメツの刃
キメツの刃,ヒロアカ
キメツの刃,呪術回線
キメツの刃,呪術回線
呪術回線,キメツの刃
呪術回線,ヒロアカ
キメツの刃,ヒロアカ
キメツの刃,ヒロアカ
呪術回線,ヒロアカ
キメツの刃,ヒロアカ
キメツの刃,ヒロアカ
キメツの刃,呪術回線
キメツの刃,呪術回線
呪術回線,キメツの刃
呪術回線,ヒロアカ
ヒロアカ,呪術回線
キメツの刃,ヒロアカ
呪術回線,キメツの刃
呪術回線,ヒロアカ
キメツの刃,ヒロアカ
ヒロアカ,呪術回線
呪術回線,キメツの刃
キメツの刃,ヒロアカ
キメツの刃,呪術回線
呪術回線,キメツの刃
キメツの刃,ヒロアカ
キメツの刃,ヒロアカ
キメツの刃,ヒロアカ
呪術回線,ヒロアカ
キメツの刃,呪術回線
ヒロアカ,キメツの刃
キメツの刃,ヒロアカ
キメツの刃,ヒロアカ
呪術回線,ヒロアカ
キメツの刃,ヒロアカ
呪術回線,キメツの刃
キメツの刃,呪術回線
ヒロアカ,呪術回線
呪術回線,ヒロアカ
ヒロアカ,キメツの刃
キメツの刃,呪術回線
呪術回線,ヒロアカ
キメツの刃,呪術回線
呪術回線,ヒロアカ
キメツの刃,呪術回線
キメツの刃,呪術回線
呪術回線,ヒロアカ
キメツの刃,呪術回線
呪術回線,キメツの刃
キメツの刃,呪術回線
キメツの刃,呪術回線
キメツの刃,呪術回線
キメツの刃,呪術回線
キメツの刃,ヒロアカ
キメツの刃,呪術回線
ヒロアカ,呪術回線
キメツの刃,呪術回線
キメツの刃,ヒロアカ
ヒロアカ,呪術回線
キメツの刃,呪術回線
呪術回線,キメツの刃
呪術回線,ヒロアカ
キメツの刃,ヒロアカ
キメツの刃,呪術回線
キメツの刃,呪術回線
キメツの刃,ヒロアカ
ヒロアカ,キメツの刃
呪術回線,ヒロアカ
呪術回線,キメツの刃
キメツの刃,呪術回線
キメツの刃,呪術回線
呪術回線,ヒロアカ
呪術回線,キメツの刃
キメツの刃,ヒロアカ
呪術回線,キメツの刃
キメツの刃,ヒロアカ
キメツの刃,呪術回線
呪術回線,キメツの刃
キメツの刃,呪術回線
キメツの刃,ヒロアカ
キメツの刃,ヒロアカ
キメツの刃,ヒロアカ
呪術回線,キメツの刃
キメツの刃,呪術回線
キメツの刃,ヒロアカ
キメツの刃,ヒロアカ
キメツの刃,ヒロアカ
キメツの刃,ヒロアカ
ヒロアカ,呪術回線
呪術回線,ヒロアカ
キメツの刃,ヒロアカ
呪術回線,キメツの刃
呪術回線,ヒロアカ
キメツの刃,呪術回線
キメツの刃,呪術回線
キメツの刃,呪術回線
キメツの刃,呪術回線
キメツの刃,呪術回線
キメツの刃,呪術回線
キメツの刃,ヒロアカ
呪術回線,ヒロアカ
キメツの刃,呪術回線
キメツの刃,呪術回線
呪術回線,キメツの刃
ヒロアカ,呪術回線
キメツの刃,ヒロアカ
キメツの刃,呪術回線
キメツの刃,呪術回線
呪術回線,ヒロアカ
呪術回線,キメツの刃
キメツの刃,呪術回線
キメツの刃,ヒロアカ
キメツの刃,ヒロアカ
キメツの刃,ヒロアカ
呪術回線,ヒロアカ
キメツの刃,ヒロアカ
キメツの刃,呪術回線
キメツの刃,ヒロアカ
キメツの刃,呪術回線
キメツの刃,呪術回線
キメツの刃,ヒロアカ
呪術回線,ヒロアカ
キメツの刃,呪術回線
キメツの刃,呪術回線
キメツの刃,呪術回線
キメツの刃,呪術回線
キメツの刃,呪術回線
キメツの刃,呪術回線
キメツの刃,ヒロアカ
キメツの刃,呪術回線
キメツの刃,呪術回線
キメツの刃,ヒロアカ
キメツの刃,ヒロアカ
キメツの刃,ヒロアカ
キメツの刃,呪術回線
キメツの刃,ヒロアカ
キメツの刃,呪術回線
ヒロアカ,キメツの刃
呪術回線,ヒロアカ
ヒロアカ,呪術回線
キメツの刃,呪術回線
キメツの刃,呪術回線
呪術回線,ヒロアカ
呪術回線,ヒロアカ
キメツの刃,呪術回線
キメツの刃,呪術回線
呪術回線,ヒロアカ
呪術回線,ヒロアカ
キメツの刃,ヒロアカ
キメツの刃,ヒロアカ
キメツの刃,呪術回線
キメツの刃,呪術回線
キメツの刃,呪術回線
キメツの刃,呪術回線
呪術回線,キメツの刃
ヒロアカ,キメツの刃
ヒロアカ,呪術回線
キメツの刃,ヒロアカ
呪術回線,ヒロアカ
キメツの刃,ヒロアカ
キメツの刃,呪術回線
キメツの刃,ヒロアカ
キメツの刃,呪術回線
キメツの刃,呪術回線
キメツの刃,ヒロアカ
キメツの刃,呪術回線
呪術回線,ヒロアカ
ヒロアカ,キメツの刃
キメツの刃,呪術回線
キメツの刃,呪術回線
キメツの刃,呪術回線
キメツの刃,呪術回線
キメツの刃,呪術回線
ヒロアカ,呪術回線
キメツの刃,呪術回線
呪術回線,キメツの刃
キメツの刃,呪術回線
呪術回線,ヒロアカ
キメツの刃,ヒロアカ
キメツの刃,呪術回線
呪術回線,ヒロアカ
呪術回線,ヒロアカ
呪術回線,キメツの刃
キメツの刃,呪術回線
呪術回線,キメツの刃
キメツの刃,呪術回線
ヒロアカ,呪術回線
呪術回線,ヒロアカ
キメツの刃,ヒロアカ
キメツの刃,呪術回線
キメツの刃,呪術回線
キメツの刃,ヒロアカ
キメツの刃,ヒロアカ
呪術回線,ヒロアカ
キメツの刃,呪術回線
キメツの刃,ヒロアカ
呪術回線,キメツの刃
呪術回線,ヒロアカ
キメツの刃,ヒロアカ
ヒロアカ,呪術回線
キメツの刃,呪術回線
ヒロアカ,キメツの刃
呪術回線,キメツの刃
キメツの刃,呪術回線
キメツの刃,呪術回線
キメツの刃,呪術回線
呪術回線,キメツの刃
キメツの刃,呪術回線
キメツの刃,呪術回線
キメツの刃,ヒロアカ
キメツの刃,呪術回線
キメツの刃,呪術回線
キメツの刃,呪術回線
キメツの刃,呪術回線
キメツの刃,ヒロアカ
キメツの刃,呪術回線
キメツの刃,呪術回線
キメツの刃,呪術回線
キメツの刃,呪術回線
ヒロアカ,呪術回線
キメツの刃,ヒロアカ
キメツの刃,ヒロアカ
呪術回線,キメツの刃
キメツの刃,ヒロアカ
キメツの刃,呪術回線
キメツの刃,呪術回線
キメツの刃,ヒロアカ
キメツの刃,呪術回線
キメツの刃,呪術回線
キメツの刃,呪術回線
ヒロアカ,キメツの刃
キメツの刃,ヒロアカ
呪術回線,ヒロアカ
キメツの刃,呪術回線
キメツの刃,呪術回線
キメツの刃,ヒロアカ
キメツの刃,ヒロアカ
呪術回線,キメツの刃
呪術回線,キメツの刃
キメツの刃,呪術回線
キメツの刃,呪術回線
キメツの刃,呪術回線
呪術回線,ヒロアカ
キメツの刃,ヒロアカ
キメツの刃,呪術回線
呪術回線,ヒロアカ
キメツの刃,呪術回線
呪術回線,ヒロアカ
キメツの刃,ヒロアカ
キメツの刃,呪術回線
呪術回線,ヒロアカ
キメツの刃,呪術回線
キメツの刃,呪術回線
キメツの刃,呪術回線
キメツの刃,呪術回線
キメツの刃,ヒロアカ
キメツの刃,呪術回線
キメツの刃,ヒロアカ
キメツの刃,呪術回線
キメツの刃,呪術回線
ヒロアカ,キメツの刃
キメツの刃,呪術回線
キメツの刃,呪術回線
呪術回線,キメツの刃
ヒロアカ,呪術回線
呪術回線,キメツの刃
キメツの刃,呪術回線
キメツの刃,呪術回線
キメツの刃,呪術回線
ヒロアカ,呪術回線
キメツの刃,呪術回線
キメツの刃,ヒロアカ
キメツの刃,ヒロアカ
キメツの刃,呪術回線
呪術回線,ヒロアカ
キメツの刃,ヒロアカ
呪術回線,ヒロアカ
キメツの刃,呪術回線
キメツの刃,呪術回線
キメツの刃,ヒロアカ
キメツの刃,ヒロアカ
キメツの刃,ヒロアカ
キメツの刃,呪術回線
ヒロアカ,キメツの刃
キメツの刃,呪術回線
キメツの刃,呪術回線
キメツの刃,呪術回線
キメツの刃,ヒロアカ
呪術回線,ヒロアカ
キメツの刃,呪術回線
キメツの刃,ヒロアカ
キメツの刃,呪術回線
キメツの刃,ヒロアカ
呪術回線,キメツの刃
キメツの刃,呪術回線
呪術回線,キメツの刃
キメツの刃,呪術回線
キメツの刃,呪術回線
キメツの刃,ヒロアカ
ヒロアカ,呪術回線
キメツの刃,呪術回線
キメツの刃,呪術回線
ヒロアカ,呪術回線
キメツの刃,ヒロアカ
キメツの刃,ヒロアカ
キメツの刃,呪術回線
呪術回線,ヒロアカ
キメツの刃,ヒロアカ
キメツの刃,呪術回線
キメツの刃,呪術回線
呪術回線,ヒロアカ
キメツの刃,ヒロアカ
キメツの刃,ヒロアカ
キメツの刃,呪術回線
キメツの刃,呪術回線
キメツの刃,呪術回線
キメツの刃,呪術回線
キメツの刃,ヒロアカ
キメツの刃,呪術回線
キメツの刃,呪術回線
呪術回線,ヒロアカ
キメツの刃,ヒロアカ
キメツの刃,ヒロアカ
キメツの刃,ヒロアカ
キメツの刃,ヒロアカ
ヒロアカ,呪術回線
キメツの刃,呪術回線
ヒロアカ,キメツの刃
呪術回線,キメツの刃
キメツの刃,呪術回線
キメツの刃,呪術回線
キメツの刃,呪術回線
キメツの刃,呪術回線
キメツの刃,呪術回線
呪術回線,ヒロアカ
キメツの刃,呪術回線
キメツの刃,呪術回線
キメツの刃,ヒロアカ
呪術回線,ヒロアカ
ヒロアカ,キメツの刃
キメツの刃,ヒロアカ
キメツの刃,呪術回線
キメツの刃,呪術回線
キメツの刃,ヒロアカ
キメツの刃,呪術回線
キメツの刃,呪術回線
呪術回線,キメツの刃
キメツの刃,呪術回線
呪術回線,ヒロアカ
キメツの刃,呪術回線
呪術回線,ヒロアカ
呪術回線,ヒロアカ
ヒロアカ,呪術回線
キメツの刃,呪術回線
呪術回線,ヒロアカ
キメツの刃,ヒロアカ
キメツの刃,ヒロアカ
キメツの刃,呪術回線
呪術回線,ヒロアカ
キメツの刃,呪術回線
キメツの刃,呪術回線
キメツの刃,呪術回線
呪術回線,ヒロアカ
キメツの刃,呪術回線
キメツの刃,呪術回線
呪術回線,キメツの刃
キメツの刃,ヒロアカ
ヒロアカ,呪術回線
キメツの刃,呪術回線
キメツの刃,ヒロアカ
キメツの刃,呪術回線
ヒロアカ,呪術回線
キメツの刃,呪術回線
キメツの刃,ヒロアカ
呪術回線,キメツの刃
キメツの刃,呪術回線
呪術回線,ヒロアカ
キメツの刃,ヒロアカ
キメツの刃,ヒロアカ
キメツの刃,呪術回線
呪術回線,ヒロアカ
キメツの刃,呪術回線
キメツの刃,呪術回線
ヒロアカ,呪術回線
呪術回線,ヒロアカ
キメツの刃,呪術回線
キメツの刃,呪術回線
キメツの刃,ヒロアカ
呪術回線,ヒロアカ
呪術回線,ヒロアカ
キメツの刃,呪術回線
キメツの刃,ヒロアカ
キメツの刃,呪術回線
キメツの刃,ヒロアカ
キメツの刃,呪術回線
キメツの刃,ヒロアカ
キメツの刃,ヒロアカ
キメツの刃,呪術回線
キメツの刃,呪術回線
呪術回線,ヒロアカ
キメツの刃,呪術回線
ヒロアカ,呪術回線
キメツの刃,ヒロアカ
ヒロアカ,呪術回線
キメツの刃,呪術回線
キメツの刃,呪術回線
キメツの刃,ヒロアカ
ヒロアカ,呪術回線
呪術回線,ヒロアカ
呪術回線,キメツの刃
キメツの刃,呪術回線
キメツの刃,呪術回線
キメツの刃,呪術回線
キメツの刃,ヒロアカ
キメツの刃,ヒロアカ
キメツの刃,呪術回線
呪術回線,キメツの刃
キメツの刃,呪術回線
呪術回線,キメツの刃
キメツの刃,ヒロアカ
呪術回線,キメツの刃
キメツの刃,呪術回線
呪術回線,キメツの刃
キメツの刃,呪術回線
呪術回線,ヒロアカ
キメツの刃,呪術回線
呪術回線,ヒロアカ
キメツの刃,呪術回線
呪術回線,ヒロアカ
キメツの刃,呪術回線
キメツの刃,ヒロアカ
キメツの刃,呪術回線
キメツの刃,呪術回線
キメツの刃,ヒロアカ
呪術回線,キメツの刃
キメツの刃,ヒロアカ
キメツの刃,呪術回線
キメツの刃,呪術回線
キメツの刃,呪術回線
キメツの刃,ヒロアカ
ヒロアカ,呪術回線
キメツの刃,呪術回線
呪術回線,キメツの刃
キメツの刃,ヒロアカ
キメツの刃,呪術回線
キメツの刃,ヒロアカ
呪術回線,キメツの刃
キメツの刃,呪術回線
キメツの刃,呪術回線
キメツの刃,呪術回線
キメツの刃,ヒロアカ
キメツの刃,呪術回線
ヒロアカ,呪術回線
呪術回線,キメツの刃
キメツの刃,呪術回線
呪術回線,ヒロアカ
キメツの刃,呪術回線
キメツの刃,呪術回線
呪術回線,キメツの刃
呪術回線,ヒロアカ
呪術回線,ヒロアカ
キメツの刃,ヒロアカ
キメツの刃,呪術回線
キメツの刃,呪術回線
呪術回線,キメツの刃
キメツの刃,ヒロアカ
ヒロアカ,呪術回線
キメツの刃,ヒロアカ
キメツの刃,ヒロアカ
キメツの刃,呪術回線
キメツの刃,ヒロアカ
呪術回線,ヒロアカ
呪術回線,ヒロアカ
呪術回線,キメツの刃
キメツの刃,呪術回線
キメツの刃,呪術回線
キメツの刃,ヒロアカ
キメツの刃,呪術回線
キメツの刃,ヒロアカ
呪術回線,キメツの刃
キメツの刃,ヒロアカ
キメツの刃,ヒロアカ
キメツの刃,呪術回線
呪術回線,キメツの刃
キメツの刃,ヒロアカ
キメツの刃,呪術回線
キメツの刃,呪術回線
ヒロアカ,呪術回線
キメツの刃,ヒロアカ
呪術回線,ヒロアカ
キメツの刃,ヒロアカ
呪術回線,キメツの刃
キメツの刃,呪術回線
ヒロアカ,呪術回線
呪術回線,キメツの刃
キメツの刃,呪術回線
呪術回線,キメツの刃
ヒロアカ,呪術回線
ヒロアカ,呪術回線
呪術回線,ヒロアカ
ヒロアカ,呪術回線
ヒロアカ,呪術回線
キメツの刃,ヒロアカ
キメツの刃,呪術回線
キメツの刃,ヒロアカ
キメツの刃,ヒロアカ
キメツの刃,ヒロアカ
キメツの刃,呪術回線
キメツの刃,ヒロアカ
キメツの刃,ヒロアカ
キメツの刃,ヒロアカ
ヒロアカ,呪術回線
呪術回線,ヒロアカ
呪術回線,ヒロアカ
キメツの刃,ヒロアカ
キメツの刃,呪術回線
キメツの刃,呪術回線
呪術回線,ヒロアカ
ヒロアカ,呪術回線
キメツの刃,呪術回線
キメツの刃,呪術回線
呪術回線,キメツの刃
キメツの刃,ヒロアカ
呪術回線,キメツの刃
キメツの刃,ヒロアカ
呪術回線,ヒロアカ
呪術回線,ヒロアカ
キメツの刃,呪術回線
キメツの刃,ヒロアカ
キメツの刃,呪術回線
キメツの刃,ヒロアカ
キメツの刃,ヒロアカ
キメツの刃,呪術回線
ヒロアカ,キメツの刃
キメツの刃,ヒロアカ
呪術回線,ヒロアカ
キメツの刃,ヒロアカ
呪術回線,キメツの刃
キメツの刃,呪術回線
キメツの刃,ヒロアカ
キメツの刃,ヒロアカ
キメツの刃,呪術回線
キメツの刃,呪術回線
キメツの刃,呪術回線
キメツの刃,呪術回線
キメツの刃,呪術回線
ヒロアカ,呪術回線
呪術回線,キメツの刃
キメツの刃,呪術回線
キメツの刃,呪術回線
キメツの刃,ヒロアカ
キメツの刃,呪術回線
キメツの刃,呪術回線
キメツの刃,呪術回線
キメツの刃,ヒロアカ
キメツの刃,呪術回線
キメツの刃,呪術回線
キメツの刃,呪術回線
キメツの刃,ヒロアカ
呪術回線,キメツの刃
キメツの刃,ヒロアカ
キメツの刃,ヒロアカ
キメツの刃,呪術回線
キメツの刃,呪術回線
キメツの刃,ヒロアカ
キメツの刃,ヒロアカ
ヒロアカ,キメツの刃
キメツの刃,呪術回線
キメツの刃,呪術回線
キメツの刃,ヒロアカ
キメツの刃,呪術回線
ヒロアカ,キメツの刃
キメツの刃,呪術回線
ヒロアカ,呪術回線
キメツの刃,ヒロアカ
キメツの刃,ヒロアカ
キメツの刃,呪術回線
キメツの刃,呪術回線
呪術回線,ヒロアカ
キメツの刃,ヒロアカ
呪術回線,キメツの刃
キメツの刃,呪術回線
キメツの刃,呪術回線
キメツの刃,ヒロアカ
キメツの刃,ヒロアカ
キメツの刃,呪術回線
ヒロアカ,呪術回線
呪術回線,ヒロアカ
キメツの刃,ヒロアカ
キメツの刃,呪術回線
キメツの刃,呪術回線
呪術回線,ヒロアカ
呪術回線,キメツの刃
呪術回線,ヒロアカ
キメツの刃,呪術回線
キメツの刃,ヒロアカ
ヒロアカ,呪術回線
ヒロアカ,キメツの刃
ヒロアカ,呪術回線
キメツの刃,呪術回線
キメツの刃,ヒロアカ
呪術回線,キメツの刃
キメツの刃,ヒロアカ
キメツの刃,ヒロアカ
呪術回線,ヒロアカ
キメツの刃,ヒロアカ
呪術回線,キメツの刃
キメツの刃,ヒロアカ
キメツの刃,ヒロアカ
ヒロアカ,呪術回線
キメツの刃,ヒロアカ
呪術回線,ヒロアカ
キメツの刃,ヒロアカ
キメツの刃,ヒロアカ
呪術回線,ヒロアカ
キメツの刃,ヒロアカ
キメツの刃,呪術回線
ヒロアカ,呪術回線
キメツの刃,呪術回線
キメツの刃,ヒロアカ
キメツの刃,呪術回線
